[2026-09-15 08:37:12] production.ERROR: No application encryption key has been specified. {"exception":"[object] (Illuminate\\Encryption\\MissingAppKeyException(code: 0): No application encryption key has been specified. at /Users/a/Desktop/genix seeds 3/vendor/laravel/framework/src/Illuminate/Encryption/EncryptionServiceProvider.php:83)
[stacktrace]
#0 /Users/a/Desktop/genix seeds 3/vendor/laravel/framework/src/Illuminate/Support/helpers.php(393): Illuminate\\Encryption\\EncryptionServiceProvider->{closure:Illuminate\\Encryption\\EncryptionServiceProvider::key():81}(NULL)
#1 /Users/a/Desktop/genix seeds 3/vendor/laravel/framework/src/Illuminate/Encryption/EncryptionServiceProvider.php(81): tap(NULL, Object(Closure))
#2 /Users/a/Desktop/genix seeds 3/vendor/laravel/framework/src/Illuminate/Encryption/EncryptionServiceProvider.php(64): Illuminate\\Encryption\\EncryptionServiceProvider->key(Array)
#3 /Users/a/Desktop/genix seeds 3/vendor/laravel/framework/src/Illuminate/Encryption/EncryptionServiceProvider.php(32): Illuminate\\Encryption\\EncryptionServiceProvider->parseKey(Array)
#4 /Users/a/Desktop/genix seeds 3/vendor/laravel/framework/src/Illuminate/Container/Container.php(1140): Illuminate\\Encryption\\EncryptionServiceProvider->{closure:Illuminate\\Encryption\\EncryptionServiceProvider::registerEncrypter():29}(Object(Illuminate\\Foundation\\Application), Array)
#5 /Users/a/Desktop/genix seeds 3/vendor/laravel/framework/src/Illuminate/Container/Container.php(939): Illuminate\\Container\\Container->build(Object(Closure))
#6 /Users/a/Desktop/genix seeds 3/vendor/laravel/framework/src/Illuminate/Foundation/Application.php(1085): Illuminate\\Container\\Container->resolve('encrypter', Array, true)
#7 /Users/a/Desktop/genix seeds 3/vendor/laravel/framework/src/Illuminate/Container/Container.php(867): Illuminate\\Foundation\\Application->resolve('encrypter', Array)
#8 /Users/a/Desktop/genix seeds 3/vendor/laravel/framework/src/Illuminate/Foundation/Application.php(1065): Illuminate\\Container\\Container->make('encrypter', Array)
#9 /Users/a/Desktop/genix seeds 3/vendor/laravel/framework/src/Illuminate/Container/Container.php(1363): Illuminate\\Foundation\\Application->make('encrypter')
#10 /Users/a/Desktop/genix seeds 3/vendor/laravel/framework/src/Illuminate/Container/Container.php(1264): Illuminate\\Container\\Container->resolveClass(Object(ReflectionParameter), 'Illuminate\\\\Cont...')
#11 /Users/a/Desktop/genix seeds 3/vendor/laravel/framework/src/Illuminate/Container/Container.php(1187): Illuminate\\Container\\Container->resolveDependencies(Array)
#12 /Users/a/Desktop/genix seeds 3/vendor/laravel/framework/src/Illuminate/Container/Container.php(939): Illuminate\\Container\\Container->build('Illuminate\\\\Cook...')
#13 /Users/a/Desktop/genix seeds 3/vendor/laravel/framework/src/Illuminate/Foundation/Application.php(1085): Illuminate\\Container\\Container->resolve('Illuminate\\\\Cook...', Array, true)
#14 /Users/a/Desktop/genix seeds 3/vendor/laravel/framework/src/Illuminate/Container/Container.php(867): Illuminate\\Foundation\\Application->resolve('Illuminate\\\\Cook...', Array)
#15 /Users/a/Desktop/genix seeds 3/vendor/laravel/framework/src/Illuminate/Foundation/Application.php(1065): Illuminate\\Container\\Container->make('Illuminate\\\\Cook...', Array)
#16 /Users/a/Desktop/genix seeds 3/vendor/laravel/framework/src/Illuminate/Pipeline/Pipeline.php(208): Illuminate\\Foundation\\Application->make('Illuminate\\\\Cook...')
#17 /Users/a/Desktop/genix seeds 3/vendor/laravel/framework/src/Illuminate/Pipeline/Pipeline.php(137): Illuminate\\Pipeline\\Pipeline->{closure:{closure:Illuminate\\Pipeline\\Pipeline::carry():194}:195}(Object(Illuminate\\Http\\Request))
#18 /Users/a/Desktop/genix seeds 3/vendor/laravel/framework/src/Illuminate/Routing/Router.php(821): Illuminate\\Pipeline\\Pipeline->then(Object(Closure))
#19 /Users/a/Desktop/genix seeds 3/vendor/laravel/framework/src/Illuminate/Routing/Router.php(800): Illuminate\\Routing\\Router->runRouteWithinStack(Object(Illuminate\\Routing\\Route), Object(Illuminate\\Http\\Request))
#20 /Users/a/Desktop/genix seeds 3/vendor/laravel/framework/src/Illuminate/Routing/Router.php(764): Illuminate\\Routing\\Router->runRoute(Object(Illuminate\\Http\\Request), Object(Illuminate\\Routing\\Route))
#21 /Users/a/Desktop/genix seeds 3/vendor/laravel/framework/src/Illuminate/Routing/Router.php(753): Illuminate\\Routing\\Router->dispatchToRoute(Object(Illuminate\\Http\\Request))
#22 /Users/a/Desktop/genix seeds 3/vendor/laravel/framework/src/Illuminate/Foundation/Http/Kernel.php(200): Illuminate\\Routing\\Router->dispatch(Object(Illuminate\\Http\\Request))
#23 /Users/a/Desktop/genix seeds 3/vendor/laravel/framework/src/Illuminate/Pipeline/Pipeline.php(180): Illuminate\\Foundation\\Http\\Kernel->{closure:Illuminate\\Foundation\\Http\\Kernel::dispatchToRouter():197}(Object(Illuminate\\Http\\Request))
#24 /Users/a/Desktop/genix seeds 3/vendor/laravel/framework/src/Illuminate/Foundation/Http/Middleware/TransformsRequest.php(21): Illuminate\\Pipeline\\Pipeline->{closure:Illuminate\\Pipeline\\Pipeline::prepareDestination():178}(Object(Illuminate\\Http\\Request))
#25 /Users/a/Desktop/genix seeds 3/vendor/laravel/framework/src/Illuminate/Foundation/Http/Middleware/ConvertEmptyStringsToNull.php(31): Illuminate\\Foundation\\Http\\Middleware\\TransformsRequest->handle(Object(Illuminate\\Http\\Request), Object(Closure))
#26 /Users/a/Desktop/genix seeds 3/vendor/laravel/framework/src/Illuminate/Pipeline/Pipeline.php(219): Illuminate\\Foundation\\Http\\Middleware\\ConvertEmptyStringsToNull->handle(Object(Illuminate\\Http\\Request), Object(Closure))
#27 /Users/a/Desktop/genix seeds 3/vendor/laravel/framework/src/Illuminate/Foundation/Http/Middleware/TransformsRequest.php(21): Illuminate\\Pipeline\\Pipeline->{closure:{closure:Illuminate\\Pipeline\\Pipeline::carry():194}:195}(Object(Illuminate\\Http\\Request))
#28 /Users/a/Desktop/genix seeds 3/vendor/laravel/framework/src/Illuminate/Foundation/Http/Middleware/TrimStrings.php(51): Illuminate\\Foundation\\Http\\Middleware\\TransformsRequest->handle(Object(Illuminate\\Http\\Request), Object(Closure))
#29 /Users/a/Desktop/genix seeds 3/vendor/laravel/framework/src/Illuminate/Pipeline/Pipeline.php(219): Illuminate\\Foundation\\Http\\Middleware\\TrimStrings->handle(Object(Illuminate\\Http\\Request), Object(Closure))
#30 /Users/a/Desktop/genix seeds 3/vendor/laravel/framework/src/Illuminate/Http/Middleware/ValidatePostSize.php(27): Illuminate\\Pipeline\\Pipeline->{closure:{closure:Illuminate\\Pipeline\\Pipeline::carry():194}:195}(Object(Illuminate\\Http\\Request))
#31 /Users/a/Desktop/genix seeds 3/vendor/laravel/framework/src/Illuminate/Pipeline/Pipeline.php(219): Illuminate\\Http\\Middleware\\ValidatePostSize->handle(Object(Illuminate\\Http\\Request), Object(Closure))
#32 /Users/a/Desktop/genix seeds 3/vendor/laravel/framework/src/Illuminate/Foundation/Http/Middleware/PreventRequestsDuringMaintenance.php(110): Illuminate\\Pipeline\\Pipeline->{closure:{closure:Illuminate\\Pipeline\\Pipeline::carry():194}:195}(Object(Illuminate\\Http\\Request))
#33 /Users/a/Desktop/genix seeds 3/vendor/laravel/framework/src/Illuminate/Pipeline/Pipeline.php(219): Illuminate\\Foundation\\Http\\Middleware\\PreventRequestsDuringMaintenance->handle(Object(Illuminate\\Http\\Request), Object(Closure))
#34 /Users/a/Desktop/genix seeds 3/vendor/laravel/framework/src/Illuminate/Http/Middleware/HandleCors.php(61): Illuminate\\Pipeline\\Pipeline->{closure:{closure:Illuminate\\Pipeline\\Pipeline::carry():194}:195}(Object(Illuminate\\Http\\Request))
#35 /Users/a/Desktop/genix seeds 3/vendor/laravel/framework/src/Illuminate/Pipeline/Pipeline.php(219): Illuminate\\Http\\Middleware\\HandleCors->handle(Object(Illuminate\\Http\\Request), Object(Closure))
#36 /Users/a/Desktop/genix seeds 3/vendor/laravel/framework/src/Illuminate/Http/Middleware/TrustProxies.php(58): Illuminate\\Pipeline\\Pipeline->{closure:{closure:Illuminate\\Pipeline\\Pipeline::carry():194}:195}(Object(Illuminate\\Http\\Request))
#37 /Users/a/Desktop/genix seeds 3/vendor/laravel/framework/src/Illuminate/Pipeline/Pipeline.php(219): Illuminate\\Http\\Middleware\\TrustProxies->handle(Object(Illuminate\\Http\\Request), Object(Closure))
#38 /Users/a/Desktop/genix seeds 3/vendor/laravel/framework/src/Illuminate/Foundation/Http/Middleware/InvokeDeferredCallbacks.php(22): Illuminate\\Pipeline\\Pipeline->{closure:{closure:Illuminate\\Pipeline\\Pipeline::carry():194}:195}(Object(Illuminate\\Http\\Request))
#39 /Users/a/Desktop/genix seeds 3/vendor/laravel/framework/src/Illuminate/Pipeline/Pipeline.php(219): Illuminate\\Foundation\\Http\\Middleware\\InvokeDeferredCallbacks->handle(Object(Illuminate\\Http\\Request), Object(Closure))
#40 /Users/a/Desktop/genix seeds 3/vendor/laravel/framework/src/Illuminate/Http/Middleware/ValidatePathEncoding.php(28): Illuminate\\Pipeline\\Pipeline->{closure:{closure:Illuminate\\Pipeline\\Pipeline::carry():194}:195}(Object(Illuminate\\Http\\Request))
#41 /Users/a/Desktop/genix seeds 3/vendor/laravel/framework/src/Illuminate/Pipeline/Pipeline.php(219): Illuminate\\Http\\Middleware\\ValidatePathEncoding->handle(Object(Illuminate\\Http\\Request), Object(Closure))
#42 /Users/a/Desktop/genix seeds 3/vendor/laravel/framework/src/Illuminate/Pipeline/Pipeline.php(137): Illuminate\\Pipeline\\Pipeline->{closure:{closure:Illuminate\\Pipeline\\Pipeline::carry():194}:195}(Object(Illuminate\\Http\\Request))
#43 /Users/a/Desktop/genix seeds 3/vendor/laravel/framework/src/Illuminate/Foundation/Http/Kernel.php(175): Illuminate\\Pipeline\\Pipeline->then(Object(Closure))
#44 /Users/a/Desktop/genix seeds 3/vendor/laravel/framework/src/Illuminate/Foundation/Http/Kernel.php(144): Illuminate\\Foundation\\Http\\Kernel->sendRequestThroughRouter(Object(Illuminate\\Http\\Request))
#45 /Users/a/Desktop/genix seeds 3/vendor/laravel/framework/src/Illuminate/Foundation/Application.php(1227): Illuminate\\Foundation\\Http\\Kernel->handle(Object(Illuminate\\Http\\Request))
#46 /Users/a/Desktop/genix seeds 3/public/index.php(20): Illuminate\\Foundation\\Application->handleRequest(Object(Illuminate\\Http\\Request))
#47 /Users/a/Desktop/genix seeds 3/vendor/laravel/framework/src/Illuminate/Foundation/resources/server.php(23): require_once('/Users/a/Deskto...')
#48 {main}
"} 
[2026-09-15 08:37:12] production.ERROR: No application encryption key has been specified. {"exception":"[object] (Illuminate\\Encryption\\MissingAppKeyException(code: 0): No application encryption key has been specified. at /Users/a/Desktop/genix seeds 3/vendor/laravel/framework/src/Illuminate/Encryption/EncryptionServiceProvider.php:83)
[stacktrace]
#0 /Users/a/Desktop/genix seeds 3/vendor/laravel/framework/src/Illuminate/Support/helpers.php(393): Illuminate\\Encryption\\EncryptionServiceProvider->{closure:Illuminate\\Encryption\\EncryptionServiceProvider::key():81}(NULL)
#1 /Users/a/Desktop/genix seeds 3/vendor/laravel/framework/src/Illuminate/Encryption/EncryptionServiceProvider.php(81): tap(NULL, Object(Closure))
#2 /Users/a/Desktop/genix seeds 3/vendor/laravel/framework/src/Illuminate/Encryption/EncryptionServiceProvider.php(64): Illuminate\\Encryption\\EncryptionServiceProvider->key(Array)
#3 /Users/a/Desktop/genix seeds 3/vendor/laravel/framework/src/Illuminate/Encryption/EncryptionServiceProvider.php(32): Illuminate\\Encryption\\EncryptionServiceProvider->parseKey(Array)
#4 /Users/a/Desktop/genix seeds 3/vendor/laravel/framework/src/Illuminate/Container/Container.php(1140): Illuminate\\Encryption\\EncryptionServiceProvider->{closure:Illuminate\\Encryption\\EncryptionServiceProvider::registerEncrypter():29}(Object(Illuminate\\Foundation\\Application), Array)
#5 /Users/a/Desktop/genix seeds 3/vendor/laravel/framework/src/Illuminate/Container/Container.php(939): Illuminate\\Container\\Container->build(Object(Closure))
#6 /Users/a/Desktop/genix seeds 3/vendor/laravel/framework/src/Illuminate/Foundation/Application.php(1085): Illuminate\\Container\\Container->resolve('encrypter', Array, true)
#7 /Users/a/Desktop/genix seeds 3/vendor/laravel/framework/src/Illuminate/Container/Container.php(867): Illuminate\\Foundation\\Application->resolve('encrypter', Array)
#8 /Users/a/Desktop/genix seeds 3/vendor/laravel/framework/src/Illuminate/Foundation/Application.php(1065): Illuminate\\Container\\Container->make('encrypter', Array)
#9 /Users/a/Desktop/genix seeds 3/vendor/laravel/framework/src/Illuminate/Container/Container.php(1363): Illuminate\\Foundation\\Application->make('encrypter')
#10 /Users/a/Desktop/genix seeds 3/vendor/laravel/framework/src/Illuminate/Container/Container.php(1264): Illuminate\\Container\\Container->resolveClass(Object(ReflectionParameter), 'Illuminate\\\\Cont...')
#11 /Users/a/Desktop/genix seeds 3/vendor/laravel/framework/src/Illuminate/Container/Container.php(1187): Illuminate\\Container\\Container->resolveDependencies(Array)
#12 /Users/a/Desktop/genix seeds 3/vendor/laravel/framework/src/Illuminate/Container/Container.php(939): Illuminate\\Container\\Container->build('Illuminate\\\\Cook...')
#13 /Users/a/Desktop/genix seeds 3/vendor/laravel/framework/src/Illuminate/Foundation/Application.php(1085): Illuminate\\Container\\Container->resolve('Illuminate\\\\Cook...', Array, true)
#14 /Users/a/Desktop/genix seeds 3/vendor/laravel/framework/src/Illuminate/Container/Container.php(867): Illuminate\\Foundation\\Application->resolve('Illuminate\\\\Cook...', Array)
#15 /Users/a/Desktop/genix seeds 3/vendor/laravel/framework/src/Illuminate/Foundation/Application.php(1065): Illuminate\\Container\\Container->make('Illuminate\\\\Cook...', Array)
#16 /Users/a/Desktop/genix seeds 3/vendor/laravel/framework/src/Illuminate/Foundation/Http/Kernel.php(257): Illuminate\\Foundation\\Application->make('Illuminate\\\\Cook...')
#17 /Users/a/Desktop/genix seeds 3/vendor/laravel/framework/src/Illuminate/Foundation/Http/Kernel.php(215): Illuminate\\Foundation\\Http\\Kernel->terminateMiddleware(Object(Illuminate\\Http\\Request), Object(Illuminate\\Http\\Response))
#18 /Users/a/Desktop/genix seeds 3/vendor/laravel/framework/src/Illuminate/Foundation/Application.php(1229): Illuminate\\Foundation\\Http\\Kernel->terminate(Object(Illuminate\\Http\\Request), Object(Illuminate\\Http\\Response))
#19 /Users/a/Desktop/genix seeds 3/public/index.php(20): Illuminate\\Foundation\\Application->handleRequest(Object(Illuminate\\Http\\Request))
#20 /Users/a/Desktop/genix seeds 3/vendor/laravel/framework/src/Illuminate/Foundation/resources/server.php(23): require_once('/Users/a/Deskto...')
#21 {main}
"} 
[2026-09-15 08:37:12] production.ERROR: Uncaught ErrorException: Cannot modify header information - headers already sent by (output started at /Users/a/Desktop/genix seeds 3/vendor/symfony/http-foundation/Response.php:1284) in /Users/a/Desktop/genix seeds 3/vendor/symfony/http-foundation/Response.php:328
Stack trace:
#0 /Users/a/Desktop/genix seeds 3/vendor/laravel/framework/src/Illuminate/Foundation/Bootstrap/HandleExceptions.php(265): Illuminate\Foundation\Bootstrap\HandleExceptions->handleError(2, 'Cannot modify h...', '/Users/a/Deskto...', 328)
#1 [internal function]: Illuminate\Foundation\Bootstrap\HandleExceptions->{closure:Illuminate\Foundation\Bootstrap\HandleExceptions::forwardsTo():264}(2, 'Cannot modify h...', '/Users/a/Deskto...', 328)
#2 /Users/a/Desktop/genix seeds 3/vendor/symfony/http-foundation/Response.php(328): header('HTTP/1.1 500 In...', true, 500)
#3 /Users/a/Desktop/genix seeds 3/vendor/symfony/http-foundation/Response.php(407): Symfony\Component\HttpFoundation\Response->sendHeaders()
#4 /Users/a/Desktop/genix seeds 3/vendor/laravel/framework/src/Illuminate/Foundation/Bootstrap/HandleExceptions.php(228): Symfony\Component\HttpFoundation\Response->send()
#5 /Users/a/Desktop/genix seeds 3/vendor/laravel/framework/src/Illuminate/Foundation/Bootstrap/HandleExceptions.php(205): Illuminate\Foundation\Bootstrap\HandleExceptions->renderHttpResponse(Object(Illuminate\Encryption\MissingAppKeyException))
#6 /Users/a/Desktop/genix seeds 3/vendor/laravel/framework/src/Illuminate/Foundation/Bootstrap/HandleExceptions.php(265): Illuminate\Foundation\Bootstrap\HandleExceptions->handleException(Object(Illuminate\Encryption\MissingAppKeyException))
#7 [internal function]: Illuminate\Foundation\Bootstrap\HandleExceptions->{closure:Illuminate\Foundation\Bootstrap\HandleExceptions::forwardsTo():264}(Object(Illuminate\Encryption\MissingAppKeyException))
#8 {main}
  thrown {"exception":"[object] (Symfony\\Component\\ErrorHandler\\Error\\FatalError(code: 0): Uncaught ErrorException: Cannot modify header information - headers already sent by (output started at /Users/a/Desktop/genix seeds 3/vendor/symfony/http-foundation/Response.php:1284) in /Users/a/Desktop/genix seeds 3/vendor/symfony/http-foundation/Response.php:328
Stack trace:
#0 /Users/a/Desktop/genix seeds 3/vendor/laravel/framework/src/Illuminate/Foundation/Bootstrap/HandleExceptions.php(265): Illuminate\\Foundation\\Bootstrap\\HandleExceptions->handleError(2, 'Cannot modify h...', '/Users/a/Deskto...', 328)
#1 [internal function]: Illuminate\\Foundation\\Bootstrap\\HandleExceptions->{closure:Illuminate\\Foundation\\Bootstrap\\HandleExceptions::forwardsTo():264}(2, 'Cannot modify h...', '/Users/a/Deskto...', 328)
#2 /Users/a/Desktop/genix seeds 3/vendor/symfony/http-foundation/Response.php(328): header('HTTP/1.1 500 In...', true, 500)
#3 /Users/a/Desktop/genix seeds 3/vendor/symfony/http-foundation/Response.php(407): Symfony\\Component\\HttpFoundation\\Response->sendHeaders()
#4 /Users/a/Desktop/genix seeds 3/vendor/laravel/framework/src/Illuminate/Foundation/Bootstrap/HandleExceptions.php(228): Symfony\\Component\\HttpFoundation\\Response->send()
#5 /Users/a/Desktop/genix seeds 3/vendor/laravel/framework/src/Illuminate/Foundation/Bootstrap/HandleExceptions.php(205): Illuminate\\Foundation\\Bootstrap\\HandleExceptions->renderHttpResponse(Object(Illuminate\\Encryption\\MissingAppKeyException))
#6 /Users/a/Desktop/genix seeds 3/vendor/laravel/framework/src/Illuminate/Foundation/Bootstrap/HandleExceptions.php(265): Illuminate\\Foundation\\Bootstrap\\HandleExceptions->handleException(Object(Illuminate\\Encryption\\MissingAppKeyException))
#7 [internal function]: Illuminate\\Foundation\\Bootstrap\\HandleExceptions->{closure:Illuminate\\Foundation\\Bootstrap\\HandleExceptions::forwardsTo():264}(Object(Illuminate\\Encryption\\MissingAppKeyException))
#8 {main}
  thrown at /Users/a/Desktop/genix seeds 3/vendor/symfony/http-foundation/Response.php:328)
[stacktrace]
#0 {main}
"} 
[2026-09-15 08:37:14] production.ERROR: No application encryption key has been specified. {"exception":"[object] (Illuminate\\Encryption\\MissingAppKeyException(code: 0): No application encryption key has been specified. at /Users/a/Desktop/genix seeds 3/vendor/laravel/framework/src/Illuminate/Encryption/EncryptionServiceProvider.php:83)
[stacktrace]
#0 /Users/a/Desktop/genix seeds 3/vendor/laravel/framework/src/Illuminate/Support/helpers.php(393): Illuminate\\Encryption\\EncryptionServiceProvider->{closure:Illuminate\\Encryption\\EncryptionServiceProvider::key():81}(NULL)
#1 /Users/a/Desktop/genix seeds 3/vendor/laravel/framework/src/Illuminate/Encryption/EncryptionServiceProvider.php(81): tap(NULL, Object(Closure))
#2 /Users/a/Desktop/genix seeds 3/vendor/laravel/framework/src/Illuminate/Encryption/EncryptionServiceProvider.php(64): Illuminate\\Encryption\\EncryptionServiceProvider->key(Array)
#3 /Users/a/Desktop/genix seeds 3/vendor/laravel/framework/src/Illuminate/Encryption/EncryptionServiceProvider.php(32): Illuminate\\Encryption\\EncryptionServiceProvider->parseKey(Array)
#4 /Users/a/Desktop/genix seeds 3/vendor/laravel/framework/src/Illuminate/Container/Container.php(1140): Illuminate\\Encryption\\EncryptionServiceProvider->{closure:Illuminate\\Encryption\\EncryptionServiceProvider::registerEncrypter():29}(Object(Illuminate\\Foundation\\Application), Array)
#5 /Users/a/Desktop/genix seeds 3/vendor/laravel/framework/src/Illuminate/Container/Container.php(939): Illuminate\\Container\\Container->build(Object(Closure))
#6 /Users/a/Desktop/genix seeds 3/vendor/laravel/framework/src/Illuminate/Foundation/Application.php(1085): Illuminate\\Container\\Container->resolve('encrypter', Array, true)
#7 /Users/a/Desktop/genix seeds 3/vendor/laravel/framework/src/Illuminate/Container/Container.php(867): Illuminate\\Foundation\\Application->resolve('encrypter', Array)
#8 /Users/a/Desktop/genix seeds 3/vendor/laravel/framework/src/Illuminate/Foundation/Application.php(1065): Illuminate\\Container\\Container->make('encrypter', Array)
#9 /Users/a/Desktop/genix seeds 3/vendor/laravel/framework/src/Illuminate/Container/Container.php(1363): Illuminate\\Foundation\\Application->make('encrypter')
#10 /Users/a/Desktop/genix seeds 3/vendor/laravel/framework/src/Illuminate/Container/Container.php(1264): Illuminate\\Container\\Container->resolveClass(Object(ReflectionParameter), 'Illuminate\\\\Cont...')
#11 /Users/a/Desktop/genix seeds 3/vendor/laravel/framework/src/Illuminate/Container/Container.php(1187): Illuminate\\Container\\Container->resolveDependencies(Array)
#12 /Users/a/Desktop/genix seeds 3/vendor/laravel/framework/src/Illuminate/Container/Container.php(939): Illuminate\\Container\\Container->build('Illuminate\\\\Cook...')
#13 /Users/a/Desktop/genix seeds 3/vendor/laravel/framework/src/Illuminate/Foundation/Application.php(1085): Illuminate\\Container\\Container->resolve('Illuminate\\\\Cook...', Array, true)
#14 /Users/a/Desktop/genix seeds 3/vendor/laravel/framework/src/Illuminate/Container/Container.php(867): Illuminate\\Foundation\\Application->resolve('Illuminate\\\\Cook...', Array)
#15 /Users/a/Desktop/genix seeds 3/vendor/laravel/framework/src/Illuminate/Foundation/Application.php(1065): Illuminate\\Container\\Container->make('Illuminate\\\\Cook...', Array)
#16 /Users/a/Desktop/genix seeds 3/vendor/laravel/framework/src/Illuminate/Pipeline/Pipeline.php(208): Illuminate\\Foundation\\Application->make('Illuminate\\\\Cook...')
#17 /Users/a/Desktop/genix seeds 3/vendor/laravel/framework/src/Illuminate/Pipeline/Pipeline.php(137): Illuminate\\Pipeline\\Pipeline->{closure:{closure:Illuminate\\Pipeline\\Pipeline::carry():194}:195}(Object(Illuminate\\Http\\Request))
#18 /Users/a/Desktop/genix seeds 3/vendor/laravel/framework/src/Illuminate/Routing/Router.php(821): Illuminate\\Pipeline\\Pipeline->then(Object(Closure))
#19 /Users/a/Desktop/genix seeds 3/vendor/laravel/framework/src/Illuminate/Routing/Router.php(800): Illuminate\\Routing\\Router->runRouteWithinStack(Object(Illuminate\\Routing\\Route), Object(Illuminate\\Http\\Request))
#20 /Users/a/Desktop/genix seeds 3/vendor/laravel/framework/src/Illuminate/Routing/Router.php(764): Illuminate\\Routing\\Router->runRoute(Object(Illuminate\\Http\\Request), Object(Illuminate\\Routing\\Route))
#21 /Users/a/Desktop/genix seeds 3/vendor/laravel/framework/src/Illuminate/Routing/Router.php(753): Illuminate\\Routing\\Router->dispatchToRoute(Object(Illuminate\\Http\\Request))
#22 /Users/a/Desktop/genix seeds 3/vendor/laravel/framework/src/Illuminate/Foundation/Http/Kernel.php(200): Illuminate\\Routing\\Router->dispatch(Object(Illuminate\\Http\\Request))
#23 /Users/a/Desktop/genix seeds 3/vendor/laravel/framework/src/Illuminate/Pipeline/Pipeline.php(180): Illuminate\\Foundation\\Http\\Kernel->{closure:Illuminate\\Foundation\\Http\\Kernel::dispatchToRouter():197}(Object(Illuminate\\Http\\Request))
#24 /Users/a/Desktop/genix seeds 3/vendor/laravel/framework/src/Illuminate/Foundation/Http/Middleware/TransformsRequest.php(21): Illuminate\\Pipeline\\Pipeline->{closure:Illuminate\\Pipeline\\Pipeline::prepareDestination():178}(Object(Illuminate\\Http\\Request))
#25 /Users/a/Desktop/genix seeds 3/vendor/laravel/framework/src/Illuminate/Foundation/Http/Middleware/ConvertEmptyStringsToNull.php(31): Illuminate\\Foundation\\Http\\Middleware\\TransformsRequest->handle(Object(Illuminate\\Http\\Request), Object(Closure))
#26 /Users/a/Desktop/genix seeds 3/vendor/laravel/framework/src/Illuminate/Pipeline/Pipeline.php(219): Illuminate\\Foundation\\Http\\Middleware\\ConvertEmptyStringsToNull->handle(Object(Illuminate\\Http\\Request), Object(Closure))
#27 /Users/a/Desktop/genix seeds 3/vendor/laravel/framework/src/Illuminate/Foundation/Http/Middleware/TransformsRequest.php(21): Illuminate\\Pipeline\\Pipeline->{closure:{closure:Illuminate\\Pipeline\\Pipeline::carry():194}:195}(Object(Illuminate\\Http\\Request))
#28 /Users/a/Desktop/genix seeds 3/vendor/laravel/framework/src/Illuminate/Foundation/Http/Middleware/TrimStrings.php(51): Illuminate\\Foundation\\Http\\Middleware\\TransformsRequest->handle(Object(Illuminate\\Http\\Request), Object(Closure))
#29 /Users/a/Desktop/genix seeds 3/vendor/laravel/framework/src/Illuminate/Pipeline/Pipeline.php(219): Illuminate\\Foundation\\Http\\Middleware\\TrimStrings->handle(Object(Illuminate\\Http\\Request), Object(Closure))
#30 /Users/a/Desktop/genix seeds 3/vendor/laravel/framework/src/Illuminate/Http/Middleware/ValidatePostSize.php(27): Illuminate\\Pipeline\\Pipeline->{closure:{closure:Illuminate\\Pipeline\\Pipeline::carry():194}:195}(Object(Illuminate\\Http\\Request))
#31 /Users/a/Desktop/genix seeds 3/vendor/laravel/framework/src/Illuminate/Pipeline/Pipeline.php(219): Illuminate\\Http\\Middleware\\ValidatePostSize->handle(Object(Illuminate\\Http\\Request), Object(Closure))
#32 /Users/a/Desktop/genix seeds 3/vendor/laravel/framework/src/Illuminate/Foundation/Http/Middleware/PreventRequestsDuringMaintenance.php(110): Illuminate\\Pipeline\\Pipeline->{closure:{closure:Illuminate\\Pipeline\\Pipeline::carry():194}:195}(Object(Illuminate\\Http\\Request))
#33 /Users/a/Desktop/genix seeds 3/vendor/laravel/framework/src/Illuminate/Pipeline/Pipeline.php(219): Illuminate\\Foundation\\Http\\Middleware\\PreventRequestsDuringMaintenance->handle(Object(Illuminate\\Http\\Request), Object(Closure))
#34 /Users/a/Desktop/genix seeds 3/vendor/laravel/framework/src/Illuminate/Http/Middleware/HandleCors.php(61): Illuminate\\Pipeline\\Pipeline->{closure:{closure:Illuminate\\Pipeline\\Pipeline::carry():194}:195}(Object(Illuminate\\Http\\Request))
#35 /Users/a/Desktop/genix seeds 3/vendor/laravel/framework/src/Illuminate/Pipeline/Pipeline.php(219): Illuminate\\Http\\Middleware\\HandleCors->handle(Object(Illuminate\\Http\\Request), Object(Closure))
#36 /Users/a/Desktop/genix seeds 3/vendor/laravel/framework/src/Illuminate/Http/Middleware/TrustProxies.php(58): Illuminate\\Pipeline\\Pipeline->{closure:{closure:Illuminate\\Pipeline\\Pipeline::carry():194}:195}(Object(Illuminate\\Http\\Request))
#37 /Users/a/Desktop/genix seeds 3/vendor/laravel/framework/src/Illuminate/Pipeline/Pipeline.php(219): Illuminate\\Http\\Middleware\\TrustProxies->handle(Object(Illuminate\\Http\\Request), Object(Closure))
#38 /Users/a/Desktop/genix seeds 3/vendor/laravel/framework/src/Illuminate/Foundation/Http/Middleware/InvokeDeferredCallbacks.php(22): Illuminate\\Pipeline\\Pipeline->{closure:{closure:Illuminate\\Pipeline\\Pipeline::carry():194}:195}(Object(Illuminate\\Http\\Request))
#39 /Users/a/Desktop/genix seeds 3/vendor/laravel/framework/src/Illuminate/Pipeline/Pipeline.php(219): Illuminate\\Foundation\\Http\\Middleware\\InvokeDeferredCallbacks->handle(Object(Illuminate\\Http\\Request), Object(Closure))
#40 /Users/a/Desktop/genix seeds 3/vendor/laravel/framework/src/Illuminate/Http/Middleware/ValidatePathEncoding.php(28): Illuminate\\Pipeline\\Pipeline->{closure:{closure:Illuminate\\Pipeline\\Pipeline::carry():194}:195}(Object(Illuminate\\Http\\Request))
#41 /Users/a/Desktop/genix seeds 3/vendor/laravel/framework/src/Illuminate/Pipeline/Pipeline.php(219): Illuminate\\Http\\Middleware\\ValidatePathEncoding->handle(Object(Illuminate\\Http\\Request), Object(Closure))
#42 /Users/a/Desktop/genix seeds 3/vendor/laravel/framework/src/Illuminate/Pipeline/Pipeline.php(137): Illuminate\\Pipeline\\Pipeline->{closure:{closure:Illuminate\\Pipeline\\Pipeline::carry():194}:195}(Object(Illuminate\\Http\\Request))
#43 /Users/a/Desktop/genix seeds 3/vendor/laravel/framework/src/Illuminate/Foundation/Http/Kernel.php(175): Illuminate\\Pipeline\\Pipeline->then(Object(Closure))
#44 /Users/a/Desktop/genix seeds 3/vendor/laravel/framework/src/Illuminate/Foundation/Http/Kernel.php(144): Illuminate\\Foundation\\Http\\Kernel->sendRequestThroughRouter(Object(Illuminate\\Http\\Request))
#45 /Users/a/Desktop/genix seeds 3/vendor/laravel/framework/src/Illuminate/Foundation/Application.php(1227): Illuminate\\Foundation\\Http\\Kernel->handle(Object(Illuminate\\Http\\Request))
#46 /Users/a/Desktop/genix seeds 3/public/index.php(20): Illuminate\\Foundation\\Application->handleRequest(Object(Illuminate\\Http\\Request))
#47 /Users/a/Desktop/genix seeds 3/vendor/laravel/framework/src/Illuminate/Foundation/resources/server.php(23): require_once('/Users/a/Deskto...')
#48 {main}
"} 
[2026-09-15 08:37:14] production.ERROR: No application encryption key has been specified. {"exception":"[object] (Illuminate\\Encryption\\MissingAppKeyException(code: 0): No application encryption key has been specified. at /Users/a/Desktop/genix seeds 3/vendor/laravel/framework/src/Illuminate/Encryption/EncryptionServiceProvider.php:83)
[stacktrace]
#0 /Users/a/Desktop/genix seeds 3/vendor/laravel/framework/src/Illuminate/Support/helpers.php(393): Illuminate\\Encryption\\EncryptionServiceProvider->{closure:Illuminate\\Encryption\\EncryptionServiceProvider::key():81}(NULL)
#1 /Users/a/Desktop/genix seeds 3/vendor/laravel/framework/src/Illuminate/Encryption/EncryptionServiceProvider.php(81): tap(NULL, Object(Closure))
#2 /Users/a/Desktop/genix seeds 3/vendor/laravel/framework/src/Illuminate/Encryption/EncryptionServiceProvider.php(64): Illuminate\\Encryption\\EncryptionServiceProvider->key(Array)
#3 /Users/a/Desktop/genix seeds 3/vendor/laravel/framework/src/Illuminate/Encryption/EncryptionServiceProvider.php(32): Illuminate\\Encryption\\EncryptionServiceProvider->parseKey(Array)
#4 /Users/a/Desktop/genix seeds 3/vendor/laravel/framework/src/Illuminate/Container/Container.php(1140): Illuminate\\Encryption\\EncryptionServiceProvider->{closure:Illuminate\\Encryption\\EncryptionServiceProvider::registerEncrypter():29}(Object(Illuminate\\Foundation\\Application), Array)
#5 /Users/a/Desktop/genix seeds 3/vendor/laravel/framework/src/Illuminate/Container/Container.php(939): Illuminate\\Container\\Container->build(Object(Closure))
#6 /Users/a/Desktop/genix seeds 3/vendor/laravel/framework/src/Illuminate/Foundation/Application.php(1085): Illuminate\\Container\\Container->resolve('encrypter', Array, true)
#7 /Users/a/Desktop/genix seeds 3/vendor/laravel/framework/src/Illuminate/Container/Container.php(867): Illuminate\\Foundation\\Application->resolve('encrypter', Array)
#8 /Users/a/Desktop/genix seeds 3/vendor/laravel/framework/src/Illuminate/Foundation/Application.php(1065): Illuminate\\Container\\Container->make('encrypter', Array)
#9 /Users/a/Desktop/genix seeds 3/vendor/laravel/framework/src/Illuminate/Container/Container.php(1363): Illuminate\\Foundation\\Application->make('encrypter')
#10 /Users/a/Desktop/genix seeds 3/vendor/laravel/framework/src/Illuminate/Container/Container.php(1264): Illuminate\\Container\\Container->resolveClass(Object(ReflectionParameter), 'Illuminate\\\\Cont...')
#11 /Users/a/Desktop/genix seeds 3/vendor/laravel/framework/src/Illuminate/Container/Container.php(1187): Illuminate\\Container\\Container->resolveDependencies(Array)
#12 /Users/a/Desktop/genix seeds 3/vendor/laravel/framework/src/Illuminate/Container/Container.php(939): Illuminate\\Container\\Container->build('Illuminate\\\\Cook...')
#13 /Users/a/Desktop/genix seeds 3/vendor/laravel/framework/src/Illuminate/Foundation/Application.php(1085): Illuminate\\Container\\Container->resolve('Illuminate\\\\Cook...', Array, true)
#14 /Users/a/Desktop/genix seeds 3/vendor/laravel/framework/src/Illuminate/Container/Container.php(867): Illuminate\\Foundation\\Application->resolve('Illuminate\\\\Cook...', Array)
#15 /Users/a/Desktop/genix seeds 3/vendor/laravel/framework/src/Illuminate/Foundation/Application.php(1065): Illuminate\\Container\\Container->make('Illuminate\\\\Cook...', Array)
#16 /Users/a/Desktop/genix seeds 3/vendor/laravel/framework/src/Illuminate/Foundation/Http/Kernel.php(257): Illuminate\\Foundation\\Application->make('Illuminate\\\\Cook...')
#17 /Users/a/Desktop/genix seeds 3/vendor/laravel/framework/src/Illuminate/Foundation/Http/Kernel.php(215): Illuminate\\Foundation\\Http\\Kernel->terminateMiddleware(Object(Illuminate\\Http\\Request), Object(Illuminate\\Http\\Response))
#18 /Users/a/Desktop/genix seeds 3/vendor/laravel/framework/src/Illuminate/Foundation/Application.php(1229): Illuminate\\Foundation\\Http\\Kernel->terminate(Object(Illuminate\\Http\\Request), Object(Illuminate\\Http\\Response))
#19 /Users/a/Desktop/genix seeds 3/public/index.php(20): Illuminate\\Foundation\\Application->handleRequest(Object(Illuminate\\Http\\Request))
#20 /Users/a/Desktop/genix seeds 3/vendor/laravel/framework/src/Illuminate/Foundation/resources/server.php(23): require_once('/Users/a/Deskto...')
#21 {main}
"} 
[2026-09-15 08:37:14] production.ERROR: Uncaught ErrorException: Cannot modify header information - headers already sent by (output started at /Users/a/Desktop/genix seeds 3/vendor/symfony/http-foundation/Response.php:1284) in /Users/a/Desktop/genix seeds 3/vendor/symfony/http-foundation/Response.php:328
Stack trace:
#0 /Users/a/Desktop/genix seeds 3/vendor/laravel/framework/src/Illuminate/Foundation/Bootstrap/HandleExceptions.php(265): Illuminate\Foundation\Bootstrap\HandleExceptions->handleError(2, 'Cannot modify h...', '/Users/a/Deskto...', 328)
#1 [internal function]: Illuminate\Foundation\Bootstrap\HandleExceptions->{closure:Illuminate\Foundation\Bootstrap\HandleExceptions::forwardsTo():264}(2, 'Cannot modify h...', '/Users/a/Deskto...', 328)
#2 /Users/a/Desktop/genix seeds 3/vendor/symfony/http-foundation/Response.php(328): header('HTTP/1.1 500 In...', true, 500)
#3 /Users/a/Desktop/genix seeds 3/vendor/symfony/http-foundation/Response.php(407): Symfony\Component\HttpFoundation\Response->sendHeaders()
#4 /Users/a/Desktop/genix seeds 3/vendor/laravel/framework/src/Illuminate/Foundation/Bootstrap/HandleExceptions.php(228): Symfony\Component\HttpFoundation\Response->send()
#5 /Users/a/Desktop/genix seeds 3/vendor/laravel/framework/src/Illuminate/Foundation/Bootstrap/HandleExceptions.php(205): Illuminate\Foundation\Bootstrap\HandleExceptions->renderHttpResponse(Object(Illuminate\Encryption\MissingAppKeyException))
#6 /Users/a/Desktop/genix seeds 3/vendor/laravel/framework/src/Illuminate/Foundation/Bootstrap/HandleExceptions.php(265): Illuminate\Foundation\Bootstrap\HandleExceptions->handleException(Object(Illuminate\Encryption\MissingAppKeyException))
#7 [internal function]: Illuminate\Foundation\Bootstrap\HandleExceptions->{closure:Illuminate\Foundation\Bootstrap\HandleExceptions::forwardsTo():264}(Object(Illuminate\Encryption\MissingAppKeyException))
#8 {main}
  thrown {"exception":"[object] (Symfony\\Component\\ErrorHandler\\Error\\FatalError(code: 0): Uncaught ErrorException: Cannot modify header information - headers already sent by (output started at /Users/a/Desktop/genix seeds 3/vendor/symfony/http-foundation/Response.php:1284) in /Users/a/Desktop/genix seeds 3/vendor/symfony/http-foundation/Response.php:328
Stack trace:
#0 /Users/a/Desktop/genix seeds 3/vendor/laravel/framework/src/Illuminate/Foundation/Bootstrap/HandleExceptions.php(265): Illuminate\\Foundation\\Bootstrap\\HandleExceptions->handleError(2, 'Cannot modify h...', '/Users/a/Deskto...', 328)
#1 [internal function]: Illuminate\\Foundation\\Bootstrap\\HandleExceptions->{closure:Illuminate\\Foundation\\Bootstrap\\HandleExceptions::forwardsTo():264}(2, 'Cannot modify h...', '/Users/a/Deskto...', 328)
#2 /Users/a/Desktop/genix seeds 3/vendor/symfony/http-foundation/Response.php(328): header('HTTP/1.1 500 In...', true, 500)
#3 /Users/a/Desktop/genix seeds 3/vendor/symfony/http-foundation/Response.php(407): Symfony\\Component\\HttpFoundation\\Response->sendHeaders()
#4 /Users/a/Desktop/genix seeds 3/vendor/laravel/framework/src/Illuminate/Foundation/Bootstrap/HandleExceptions.php(228): Symfony\\Component\\HttpFoundation\\Response->send()
#5 /Users/a/Desktop/genix seeds 3/vendor/laravel/framework/src/Illuminate/Foundation/Bootstrap/HandleExceptions.php(205): Illuminate\\Foundation\\Bootstrap\\HandleExceptions->renderHttpResponse(Object(Illuminate\\Encryption\\MissingAppKeyException))
#6 /Users/a/Desktop/genix seeds 3/vendor/laravel/framework/src/Illuminate/Foundation/Bootstrap/HandleExceptions.php(265): Illuminate\\Foundation\\Bootstrap\\HandleExceptions->handleException(Object(Illuminate\\Encryption\\MissingAppKeyException))
#7 [internal function]: Illuminate\\Foundation\\Bootstrap\\HandleExceptions->{closure:Illuminate\\Foundation\\Bootstrap\\HandleExceptions::forwardsTo():264}(Object(Illuminate\\Encryption\\MissingAppKeyException))
#8 {main}
  thrown at /Users/a/Desktop/genix seeds 3/vendor/symfony/http-foundation/Response.php:328)
[stacktrace]
#0 {main}
"} 
[2026-09-15 08:37:34] production.ERROR: No application encryption key has been specified. {"exception":"[object] (Illuminate\\Encryption\\MissingAppKeyException(code: 0): No application encryption key has been specified. at /Users/a/Desktop/genix seeds 3/vendor/laravel/framework/src/Illuminate/Encryption/EncryptionServiceProvider.php:83)
[stacktrace]
#0 /Users/a/Desktop/genix seeds 3/vendor/laravel/framework/src/Illuminate/Support/helpers.php(393): Illuminate\\Encryption\\EncryptionServiceProvider->{closure:Illuminate\\Encryption\\EncryptionServiceProvider::key():81}(NULL)
#1 /Users/a/Desktop/genix seeds 3/vendor/laravel/framework/src/Illuminate/Encryption/EncryptionServiceProvider.php(81): tap(NULL, Object(Closure))
#2 /Users/a/Desktop/genix seeds 3/vendor/laravel/framework/src/Illuminate/Encryption/EncryptionServiceProvider.php(64): Illuminate\\Encryption\\EncryptionServiceProvider->key(Array)
#3 /Users/a/Desktop/genix seeds 3/vendor/laravel/framework/src/Illuminate/Encryption/EncryptionServiceProvider.php(32): Illuminate\\Encryption\\EncryptionServiceProvider->parseKey(Array)
#4 /Users/a/Desktop/genix seeds 3/vendor/laravel/framework/src/Illuminate/Container/Container.php(1140): Illuminate\\Encryption\\EncryptionServiceProvider->{closure:Illuminate\\Encryption\\EncryptionServiceProvider::registerEncrypter():29}(Object(Illuminate\\Foundation\\Application), Array)
#5 /Users/a/Desktop/genix seeds 3/vendor/laravel/framework/src/Illuminate/Container/Container.php(939): Illuminate\\Container\\Container->build(Object(Closure))
#6 /Users/a/Desktop/genix seeds 3/vendor/laravel/framework/src/Illuminate/Foundation/Application.php(1085): Illuminate\\Container\\Container->resolve('encrypter', Array, true)
#7 /Users/a/Desktop/genix seeds 3/vendor/laravel/framework/src/Illuminate/Container/Container.php(867): Illuminate\\Foundation\\Application->resolve('encrypter', Array)
#8 /Users/a/Desktop/genix seeds 3/vendor/laravel/framework/src/Illuminate/Foundation/Application.php(1065): Illuminate\\Container\\Container->make('encrypter', Array)
#9 /Users/a/Desktop/genix seeds 3/vendor/laravel/framework/src/Illuminate/Container/Container.php(1363): Illuminate\\Foundation\\Application->make('encrypter')
#10 /Users/a/Desktop/genix seeds 3/vendor/laravel/framework/src/Illuminate/Container/Container.php(1264): Illuminate\\Container\\Container->resolveClass(Object(ReflectionParameter), 'Illuminate\\\\Cont...')
#11 /Users/a/Desktop/genix seeds 3/vendor/laravel/framework/src/Illuminate/Container/Container.php(1187): Illuminate\\Container\\Container->resolveDependencies(Array)
#12 /Users/a/Desktop/genix seeds 3/vendor/laravel/framework/src/Illuminate/Container/Container.php(939): Illuminate\\Container\\Container->build('Illuminate\\\\Cook...')
#13 /Users/a/Desktop/genix seeds 3/vendor/laravel/framework/src/Illuminate/Foundation/Application.php(1085): Illuminate\\Container\\Container->resolve('Illuminate\\\\Cook...', Array, true)
#14 /Users/a/Desktop/genix seeds 3/vendor/laravel/framework/src/Illuminate/Container/Container.php(867): Illuminate\\Foundation\\Application->resolve('Illuminate\\\\Cook...', Array)
#15 /Users/a/Desktop/genix seeds 3/vendor/laravel/framework/src/Illuminate/Foundation/Application.php(1065): Illuminate\\Container\\Container->make('Illuminate\\\\Cook...', Array)
#16 /Users/a/Desktop/genix seeds 3/vendor/laravel/framework/src/Illuminate/Pipeline/Pipeline.php(208): Illuminate\\Foundation\\Application->make('Illuminate\\\\Cook...')
#17 /Users/a/Desktop/genix seeds 3/vendor/laravel/framework/src/Illuminate/Pipeline/Pipeline.php(137): Illuminate\\Pipeline\\Pipeline->{closure:{closure:Illuminate\\Pipeline\\Pipeline::carry():194}:195}(Object(Illuminate\\Http\\Request))
#18 /Users/a/Desktop/genix seeds 3/vendor/laravel/framework/src/Illuminate/Routing/Router.php(821): Illuminate\\Pipeline\\Pipeline->then(Object(Closure))
#19 /Users/a/Desktop/genix seeds 3/vendor/laravel/framework/src/Illuminate/Routing/Router.php(800): Illuminate\\Routing\\Router->runRouteWithinStack(Object(Illuminate\\Routing\\Route), Object(Illuminate\\Http\\Request))
#20 /Users/a/Desktop/genix seeds 3/vendor/laravel/framework/src/Illuminate/Routing/Router.php(764): Illuminate\\Routing\\Router->runRoute(Object(Illuminate\\Http\\Request), Object(Illuminate\\Routing\\Route))
#21 /Users/a/Desktop/genix seeds 3/vendor/laravel/framework/src/Illuminate/Routing/Router.php(753): Illuminate\\Routing\\Router->dispatchToRoute(Object(Illuminate\\Http\\Request))
#22 /Users/a/Desktop/genix seeds 3/vendor/laravel/framework/src/Illuminate/Foundation/Http/Kernel.php(200): Illuminate\\Routing\\Router->dispatch(Object(Illuminate\\Http\\Request))
#23 /Users/a/Desktop/genix seeds 3/vendor/laravel/framework/src/Illuminate/Pipeline/Pipeline.php(180): Illuminate\\Foundation\\Http\\Kernel->{closure:Illuminate\\Foundation\\Http\\Kernel::dispatchToRouter():197}(Object(Illuminate\\Http\\Request))
#24 /Users/a/Desktop/genix seeds 3/vendor/laravel/framework/src/Illuminate/Foundation/Http/Middleware/TransformsRequest.php(21): Illuminate\\Pipeline\\Pipeline->{closure:Illuminate\\Pipeline\\Pipeline::prepareDestination():178}(Object(Illuminate\\Http\\Request))
#25 /Users/a/Desktop/genix seeds 3/vendor/laravel/framework/src/Illuminate/Foundation/Http/Middleware/ConvertEmptyStringsToNull.php(31): Illuminate\\Foundation\\Http\\Middleware\\TransformsRequest->handle(Object(Illuminate\\Http\\Request), Object(Closure))
#26 /Users/a/Desktop/genix seeds 3/vendor/laravel/framework/src/Illuminate/Pipeline/Pipeline.php(219): Illuminate\\Foundation\\Http\\Middleware\\ConvertEmptyStringsToNull->handle(Object(Illuminate\\Http\\Request), Object(Closure))
#27 /Users/a/Desktop/genix seeds 3/vendor/laravel/framework/src/Illuminate/Foundation/Http/Middleware/TransformsRequest.php(21): Illuminate\\Pipeline\\Pipeline->{closure:{closure:Illuminate\\Pipeline\\Pipeline::carry():194}:195}(Object(Illuminate\\Http\\Request))
#28 /Users/a/Desktop/genix seeds 3/vendor/laravel/framework/src/Illuminate/Foundation/Http/Middleware/TrimStrings.php(51): Illuminate\\Foundation\\Http\\Middleware\\TransformsRequest->handle(Object(Illuminate\\Http\\Request), Object(Closure))
#29 /Users/a/Desktop/genix seeds 3/vendor/laravel/framework/src/Illuminate/Pipeline/Pipeline.php(219): Illuminate\\Foundation\\Http\\Middleware\\TrimStrings->handle(Object(Illuminate\\Http\\Request), Object(Closure))
#30 /Users/a/Desktop/genix seeds 3/vendor/laravel/framework/src/Illuminate/Http/Middleware/ValidatePostSize.php(27): Illuminate\\Pipeline\\Pipeline->{closure:{closure:Illuminate\\Pipeline\\Pipeline::carry():194}:195}(Object(Illuminate\\Http\\Request))
#31 /Users/a/Desktop/genix seeds 3/vendor/laravel/framework/src/Illuminate/Pipeline/Pipeline.php(219): Illuminate\\Http\\Middleware\\ValidatePostSize->handle(Object(Illuminate\\Http\\Request), Object(Closure))
#32 /Users/a/Desktop/genix seeds 3/vendor/laravel/framework/src/Illuminate/Foundation/Http/Middleware/PreventRequestsDuringMaintenance.php(110): Illuminate\\Pipeline\\Pipeline->{closure:{closure:Illuminate\\Pipeline\\Pipeline::carry():194}:195}(Object(Illuminate\\Http\\Request))
#33 /Users/a/Desktop/genix seeds 3/vendor/laravel/framework/src/Illuminate/Pipeline/Pipeline.php(219): Illuminate\\Foundation\\Http\\Middleware\\PreventRequestsDuringMaintenance->handle(Object(Illuminate\\Http\\Request), Object(Closure))
#34 /Users/a/Desktop/genix seeds 3/vendor/laravel/framework/src/Illuminate/Http/Middleware/HandleCors.php(61): Illuminate\\Pipeline\\Pipeline->{closure:{closure:Illuminate\\Pipeline\\Pipeline::carry():194}:195}(Object(Illuminate\\Http\\Request))
#35 /Users/a/Desktop/genix seeds 3/vendor/laravel/framework/src/Illuminate/Pipeline/Pipeline.php(219): Illuminate\\Http\\Middleware\\HandleCors->handle(Object(Illuminate\\Http\\Request), Object(Closure))
#36 /Users/a/Desktop/genix seeds 3/vendor/laravel/framework/src/Illuminate/Http/Middleware/TrustProxies.php(58): Illuminate\\Pipeline\\Pipeline->{closure:{closure:Illuminate\\Pipeline\\Pipeline::carry():194}:195}(Object(Illuminate\\Http\\Request))
#37 /Users/a/Desktop/genix seeds 3/vendor/laravel/framework/src/Illuminate/Pipeline/Pipeline.php(219): Illuminate\\Http\\Middleware\\TrustProxies->handle(Object(Illuminate\\Http\\Request), Object(Closure))
#38 /Users/a/Desktop/genix seeds 3/vendor/laravel/framework/src/Illuminate/Foundation/Http/Middleware/InvokeDeferredCallbacks.php(22): Illuminate\\Pipeline\\Pipeline->{closure:{closure:Illuminate\\Pipeline\\Pipeline::carry():194}:195}(Object(Illuminate\\Http\\Request))
#39 /Users/a/Desktop/genix seeds 3/vendor/laravel/framework/src/Illuminate/Pipeline/Pipeline.php(219): Illuminate\\Foundation\\Http\\Middleware\\InvokeDeferredCallbacks->handle(Object(Illuminate\\Http\\Request), Object(Closure))
#40 /Users/a/Desktop/genix seeds 3/vendor/laravel/framework/src/Illuminate/Http/Middleware/ValidatePathEncoding.php(28): Illuminate\\Pipeline\\Pipeline->{closure:{closure:Illuminate\\Pipeline\\Pipeline::carry():194}:195}(Object(Illuminate\\Http\\Request))
#41 /Users/a/Desktop/genix seeds 3/vendor/laravel/framework/src/Illuminate/Pipeline/Pipeline.php(219): Illuminate\\Http\\Middleware\\ValidatePathEncoding->handle(Object(Illuminate\\Http\\Request), Object(Closure))
#42 /Users/a/Desktop/genix seeds 3/vendor/laravel/framework/src/Illuminate/Pipeline/Pipeline.php(137): Illuminate\\Pipeline\\Pipeline->{closure:{closure:Illuminate\\Pipeline\\Pipeline::carry():194}:195}(Object(Illuminate\\Http\\Request))
#43 /Users/a/Desktop/genix seeds 3/vendor/laravel/framework/src/Illuminate/Foundation/Http/Kernel.php(175): Illuminate\\Pipeline\\Pipeline->then(Object(Closure))
#44 /Users/a/Desktop/genix seeds 3/vendor/laravel/framework/src/Illuminate/Foundation/Http/Kernel.php(144): Illuminate\\Foundation\\Http\\Kernel->sendRequestThroughRouter(Object(Illuminate\\Http\\Request))
#45 /Users/a/Desktop/genix seeds 3/vendor/laravel/framework/src/Illuminate/Foundation/Application.php(1227): Illuminate\\Foundation\\Http\\Kernel->handle(Object(Illuminate\\Http\\Request))
#46 /Users/a/Desktop/genix seeds 3/public/index.php(20): Illuminate\\Foundation\\Application->handleRequest(Object(Illuminate\\Http\\Request))
#47 /Users/a/Desktop/genix seeds 3/vendor/laravel/framework/src/Illuminate/Foundation/resources/server.php(23): require_once('/Users/a/Deskto...')
#48 {main}
"} 
[2026-09-15 08:37:34] production.ERROR: No application encryption key has been specified. {"exception":"[object] (Illuminate\\Encryption\\MissingAppKeyException(code: 0): No application encryption key has been specified. at /Users/a/Desktop/genix seeds 3/vendor/laravel/framework/src/Illuminate/Encryption/EncryptionServiceProvider.php:83)
[stacktrace]
#0 /Users/a/Desktop/genix seeds 3/vendor/laravel/framework/src/Illuminate/Support/helpers.php(393): Illuminate\\Encryption\\EncryptionServiceProvider->{closure:Illuminate\\Encryption\\EncryptionServiceProvider::key():81}(NULL)
#1 /Users/a/Desktop/genix seeds 3/vendor/laravel/framework/src/Illuminate/Encryption/EncryptionServiceProvider.php(81): tap(NULL, Object(Closure))
#2 /Users/a/Desktop/genix seeds 3/vendor/laravel/framework/src/Illuminate/Encryption/EncryptionServiceProvider.php(64): Illuminate\\Encryption\\EncryptionServiceProvider->key(Array)
#3 /Users/a/Desktop/genix seeds 3/vendor/laravel/framework/src/Illuminate/Encryption/EncryptionServiceProvider.php(32): Illuminate\\Encryption\\EncryptionServiceProvider->parseKey(Array)
#4 /Users/a/Desktop/genix seeds 3/vendor/laravel/framework/src/Illuminate/Container/Container.php(1140): Illuminate\\Encryption\\EncryptionServiceProvider->{closure:Illuminate\\Encryption\\EncryptionServiceProvider::registerEncrypter():29}(Object(Illuminate\\Foundation\\Application), Array)
#5 /Users/a/Desktop/genix seeds 3/vendor/laravel/framework/src/Illuminate/Container/Container.php(939): Illuminate\\Container\\Container->build(Object(Closure))
#6 /Users/a/Desktop/genix seeds 3/vendor/laravel/framework/src/Illuminate/Foundation/Application.php(1085): Illuminate\\Container\\Container->resolve('encrypter', Array, true)
#7 /Users/a/Desktop/genix seeds 3/vendor/laravel/framework/src/Illuminate/Container/Container.php(867): Illuminate\\Foundation\\Application->resolve('encrypter', Array)
#8 /Users/a/Desktop/genix seeds 3/vendor/laravel/framework/src/Illuminate/Foundation/Application.php(1065): Illuminate\\Container\\Container->make('encrypter', Array)
#9 /Users/a/Desktop/genix seeds 3/vendor/laravel/framework/src/Illuminate/Container/Container.php(1363): Illuminate\\Foundation\\Application->make('encrypter')
#10 /Users/a/Desktop/genix seeds 3/vendor/laravel/framework/src/Illuminate/Container/Container.php(1264): Illuminate\\Container\\Container->resolveClass(Object(ReflectionParameter), 'Illuminate\\\\Cont...')
#11 /Users/a/Desktop/genix seeds 3/vendor/laravel/framework/src/Illuminate/Container/Container.php(1187): Illuminate\\Container\\Container->resolveDependencies(Array)
#12 /Users/a/Desktop/genix seeds 3/vendor/laravel/framework/src/Illuminate/Container/Container.php(939): Illuminate\\Container\\Container->build('Illuminate\\\\Cook...')
#13 /Users/a/Desktop/genix seeds 3/vendor/laravel/framework/src/Illuminate/Foundation/Application.php(1085): Illuminate\\Container\\Container->resolve('Illuminate\\\\Cook...', Array, true)
#14 /Users/a/Desktop/genix seeds 3/vendor/laravel/framework/src/Illuminate/Container/Container.php(867): Illuminate\\Foundation\\Application->resolve('Illuminate\\\\Cook...', Array)
#15 /Users/a/Desktop/genix seeds 3/vendor/laravel/framework/src/Illuminate/Foundation/Application.php(1065): Illuminate\\Container\\Container->make('Illuminate\\\\Cook...', Array)
#16 /Users/a/Desktop/genix seeds 3/vendor/laravel/framework/src/Illuminate/Foundation/Http/Kernel.php(257): Illuminate\\Foundation\\Application->make('Illuminate\\\\Cook...')
#17 /Users/a/Desktop/genix seeds 3/vendor/laravel/framework/src/Illuminate/Foundation/Http/Kernel.php(215): Illuminate\\Foundation\\Http\\Kernel->terminateMiddleware(Object(Illuminate\\Http\\Request), Object(Illuminate\\Http\\Response))
#18 /Users/a/Desktop/genix seeds 3/vendor/laravel/framework/src/Illuminate/Foundation/Application.php(1229): Illuminate\\Foundation\\Http\\Kernel->terminate(Object(Illuminate\\Http\\Request), Object(Illuminate\\Http\\Response))
#19 /Users/a/Desktop/genix seeds 3/public/index.php(20): Illuminate\\Foundation\\Application->handleRequest(Object(Illuminate\\Http\\Request))
#20 /Users/a/Desktop/genix seeds 3/vendor/laravel/framework/src/Illuminate/Foundation/resources/server.php(23): require_once('/Users/a/Deskto...')
#21 {main}
"} 
[2026-09-15 08:37:34] production.ERROR: Uncaught ErrorException: Cannot modify header information - headers already sent by (output started at /Users/a/Desktop/genix seeds 3/vendor/symfony/http-foundation/Response.php:1284) in /Users/a/Desktop/genix seeds 3/vendor/symfony/http-foundation/Response.php:328
Stack trace:
#0 /Users/a/Desktop/genix seeds 3/vendor/laravel/framework/src/Illuminate/Foundation/Bootstrap/HandleExceptions.php(265): Illuminate\Foundation\Bootstrap\HandleExceptions->handleError(2, 'Cannot modify h...', '/Users/a/Deskto...', 328)
#1 [internal function]: Illuminate\Foundation\Bootstrap\HandleExceptions->{closure:Illuminate\Foundation\Bootstrap\HandleExceptions::forwardsTo():264}(2, 'Cannot modify h...', '/Users/a/Deskto...', 328)
#2 /Users/a/Desktop/genix seeds 3/vendor/symfony/http-foundation/Response.php(328): header('HTTP/1.1 500 In...', true, 500)
#3 /Users/a/Desktop/genix seeds 3/vendor/symfony/http-foundation/Response.php(407): Symfony\Component\HttpFoundation\Response->sendHeaders()
#4 /Users/a/Desktop/genix seeds 3/vendor/laravel/framework/src/Illuminate/Foundation/Bootstrap/HandleExceptions.php(228): Symfony\Component\HttpFoundation\Response->send()
#5 /Users/a/Desktop/genix seeds 3/vendor/laravel/framework/src/Illuminate/Foundation/Bootstrap/HandleExceptions.php(205): Illuminate\Foundation\Bootstrap\HandleExceptions->renderHttpResponse(Object(Illuminate\Encryption\MissingAppKeyException))
#6 /Users/a/Desktop/genix seeds 3/vendor/laravel/framework/src/Illuminate/Foundation/Bootstrap/HandleExceptions.php(265): Illuminate\Foundation\Bootstrap\HandleExceptions->handleException(Object(Illuminate\Encryption\MissingAppKeyException))
#7 [internal function]: Illuminate\Foundation\Bootstrap\HandleExceptions->{closure:Illuminate\Foundation\Bootstrap\HandleExceptions::forwardsTo():264}(Object(Illuminate\Encryption\MissingAppKeyException))
#8 {main}
  thrown {"exception":"[object] (Symfony\\Component\\ErrorHandler\\Error\\FatalError(code: 0): Uncaught ErrorException: Cannot modify header information - headers already sent by (output started at /Users/a/Desktop/genix seeds 3/vendor/symfony/http-foundation/Response.php:1284) in /Users/a/Desktop/genix seeds 3/vendor/symfony/http-foundation/Response.php:328
Stack trace:
#0 /Users/a/Desktop/genix seeds 3/vendor/laravel/framework/src/Illuminate/Foundation/Bootstrap/HandleExceptions.php(265): Illuminate\\Foundation\\Bootstrap\\HandleExceptions->handleError(2, 'Cannot modify h...', '/Users/a/Deskto...', 328)
#1 [internal function]: Illuminate\\Foundation\\Bootstrap\\HandleExceptions->{closure:Illuminate\\Foundation\\Bootstrap\\HandleExceptions::forwardsTo():264}(2, 'Cannot modify h...', '/Users/a/Deskto...', 328)
#2 /Users/a/Desktop/genix seeds 3/vendor/symfony/http-foundation/Response.php(328): header('HTTP/1.1 500 In...', true, 500)
#3 /Users/a/Desktop/genix seeds 3/vendor/symfony/http-foundation/Response.php(407): Symfony\\Component\\HttpFoundation\\Response->sendHeaders()
#4 /Users/a/Desktop/genix seeds 3/vendor/laravel/framework/src/Illuminate/Foundation/Bootstrap/HandleExceptions.php(228): Symfony\\Component\\HttpFoundation\\Response->send()
#5 /Users/a/Desktop/genix seeds 3/vendor/laravel/framework/src/Illuminate/Foundation/Bootstrap/HandleExceptions.php(205): Illuminate\\Foundation\\Bootstrap\\HandleExceptions->renderHttpResponse(Object(Illuminate\\Encryption\\MissingAppKeyException))
#6 /Users/a/Desktop/genix seeds 3/vendor/laravel/framework/src/Illuminate/Foundation/Bootstrap/HandleExceptions.php(265): Illuminate\\Foundation\\Bootstrap\\HandleExceptions->handleException(Object(Illuminate\\Encryption\\MissingAppKeyException))
#7 [internal function]: Illuminate\\Foundation\\Bootstrap\\HandleExceptions->{closure:Illuminate\\Foundation\\Bootstrap\\HandleExceptions::forwardsTo():264}(Object(Illuminate\\Encryption\\MissingAppKeyException))
#8 {main}
  thrown at /Users/a/Desktop/genix seeds 3/vendor/symfony/http-foundation/Response.php:328)
[stacktrace]
#0 {main}
"} 
[2026-09-15 08:37:35] production.ERROR: No application encryption key has been specified. {"exception":"[object] (Illuminate\\Encryption\\MissingAppKeyException(code: 0): No application encryption key has been specified. at /Users/a/Desktop/genix seeds 3/vendor/laravel/framework/src/Illuminate/Encryption/EncryptionServiceProvider.php:83)
[stacktrace]
#0 /Users/a/Desktop/genix seeds 3/vendor/laravel/framework/src/Illuminate/Support/helpers.php(393): Illuminate\\Encryption\\EncryptionServiceProvider->{closure:Illuminate\\Encryption\\EncryptionServiceProvider::key():81}(NULL)
#1 /Users/a/Desktop/genix seeds 3/vendor/laravel/framework/src/Illuminate/Encryption/EncryptionServiceProvider.php(81): tap(NULL, Object(Closure))
#2 /Users/a/Desktop/genix seeds 3/vendor/laravel/framework/src/Illuminate/Encryption/EncryptionServiceProvider.php(64): Illuminate\\Encryption\\EncryptionServiceProvider->key(Array)
#3 /Users/a/Desktop/genix seeds 3/vendor/laravel/framework/src/Illuminate/Encryption/EncryptionServiceProvider.php(32): Illuminate\\Encryption\\EncryptionServiceProvider->parseKey(Array)
#4 /Users/a/Desktop/genix seeds 3/vendor/laravel/framework/src/Illuminate/Container/Container.php(1140): Illuminate\\Encryption\\EncryptionServiceProvider->{closure:Illuminate\\Encryption\\EncryptionServiceProvider::registerEncrypter():29}(Object(Illuminate\\Foundation\\Application), Array)
#5 /Users/a/Desktop/genix seeds 3/vendor/laravel/framework/src/Illuminate/Container/Container.php(939): Illuminate\\Container\\Container->build(Object(Closure))
#6 /Users/a/Desktop/genix seeds 3/vendor/laravel/framework/src/Illuminate/Foundation/Application.php(1085): Illuminate\\Container\\Container->resolve('encrypter', Array, true)
#7 /Users/a/Desktop/genix seeds 3/vendor/laravel/framework/src/Illuminate/Container/Container.php(867): Illuminate\\Foundation\\Application->resolve('encrypter', Array)
#8 /Users/a/Desktop/genix seeds 3/vendor/laravel/framework/src/Illuminate/Foundation/Application.php(1065): Illuminate\\Container\\Container->make('encrypter', Array)
#9 /Users/a/Desktop/genix seeds 3/vendor/laravel/framework/src/Illuminate/Container/Container.php(1363): Illuminate\\Foundation\\Application->make('encrypter')
#10 /Users/a/Desktop/genix seeds 3/vendor/laravel/framework/src/Illuminate/Container/Container.php(1264): Illuminate\\Container\\Container->resolveClass(Object(ReflectionParameter), 'Illuminate\\\\Cont...')
#11 /Users/a/Desktop/genix seeds 3/vendor/laravel/framework/src/Illuminate/Container/Container.php(1187): Illuminate\\Container\\Container->resolveDependencies(Array)
#12 /Users/a/Desktop/genix seeds 3/vendor/laravel/framework/src/Illuminate/Container/Container.php(939): Illuminate\\Container\\Container->build('Illuminate\\\\Cook...')
#13 /Users/a/Desktop/genix seeds 3/vendor/laravel/framework/src/Illuminate/Foundation/Application.php(1085): Illuminate\\Container\\Container->resolve('Illuminate\\\\Cook...', Array, true)
#14 /Users/a/Desktop/genix seeds 3/vendor/laravel/framework/src/Illuminate/Container/Container.php(867): Illuminate\\Foundation\\Application->resolve('Illuminate\\\\Cook...', Array)
#15 /Users/a/Desktop/genix seeds 3/vendor/laravel/framework/src/Illuminate/Foundation/Application.php(1065): Illuminate\\Container\\Container->make('Illuminate\\\\Cook...', Array)
#16 /Users/a/Desktop/genix seeds 3/vendor/laravel/framework/src/Illuminate/Pipeline/Pipeline.php(208): Illuminate\\Foundation\\Application->make('Illuminate\\\\Cook...')
#17 /Users/a/Desktop/genix seeds 3/vendor/laravel/framework/src/Illuminate/Pipeline/Pipeline.php(137): Illuminate\\Pipeline\\Pipeline->{closure:{closure:Illuminate\\Pipeline\\Pipeline::carry():194}:195}(Object(Illuminate\\Http\\Request))
#18 /Users/a/Desktop/genix seeds 3/vendor/laravel/framework/src/Illuminate/Routing/Router.php(821): Illuminate\\Pipeline\\Pipeline->then(Object(Closure))
#19 /Users/a/Desktop/genix seeds 3/vendor/laravel/framework/src/Illuminate/Routing/Router.php(800): Illuminate\\Routing\\Router->runRouteWithinStack(Object(Illuminate\\Routing\\Route), Object(Illuminate\\Http\\Request))
#20 /Users/a/Desktop/genix seeds 3/vendor/laravel/framework/src/Illuminate/Routing/Router.php(764): Illuminate\\Routing\\Router->runRoute(Object(Illuminate\\Http\\Request), Object(Illuminate\\Routing\\Route))
#21 /Users/a/Desktop/genix seeds 3/vendor/laravel/framework/src/Illuminate/Routing/Router.php(753): Illuminate\\Routing\\Router->dispatchToRoute(Object(Illuminate\\Http\\Request))
#22 /Users/a/Desktop/genix seeds 3/vendor/laravel/framework/src/Illuminate/Foundation/Http/Kernel.php(200): Illuminate\\Routing\\Router->dispatch(Object(Illuminate\\Http\\Request))
#23 /Users/a/Desktop/genix seeds 3/vendor/laravel/framework/src/Illuminate/Pipeline/Pipeline.php(180): Illuminate\\Foundation\\Http\\Kernel->{closure:Illuminate\\Foundation\\Http\\Kernel::dispatchToRouter():197}(Object(Illuminate\\Http\\Request))
#24 /Users/a/Desktop/genix seeds 3/vendor/laravel/framework/src/Illuminate/Foundation/Http/Middleware/TransformsRequest.php(21): Illuminate\\Pipeline\\Pipeline->{closure:Illuminate\\Pipeline\\Pipeline::prepareDestination():178}(Object(Illuminate\\Http\\Request))
#25 /Users/a/Desktop/genix seeds 3/vendor/laravel/framework/src/Illuminate/Foundation/Http/Middleware/ConvertEmptyStringsToNull.php(31): Illuminate\\Foundation\\Http\\Middleware\\TransformsRequest->handle(Object(Illuminate\\Http\\Request), Object(Closure))
#26 /Users/a/Desktop/genix seeds 3/vendor/laravel/framework/src/Illuminate/Pipeline/Pipeline.php(219): Illuminate\\Foundation\\Http\\Middleware\\ConvertEmptyStringsToNull->handle(Object(Illuminate\\Http\\Request), Object(Closure))
#27 /Users/a/Desktop/genix seeds 3/vendor/laravel/framework/src/Illuminate/Foundation/Http/Middleware/TransformsRequest.php(21): Illuminate\\Pipeline\\Pipeline->{closure:{closure:Illuminate\\Pipeline\\Pipeline::carry():194}:195}(Object(Illuminate\\Http\\Request))
#28 /Users/a/Desktop/genix seeds 3/vendor/laravel/framework/src/Illuminate/Foundation/Http/Middleware/TrimStrings.php(51): Illuminate\\Foundation\\Http\\Middleware\\TransformsRequest->handle(Object(Illuminate\\Http\\Request), Object(Closure))
#29 /Users/a/Desktop/genix seeds 3/vendor/laravel/framework/src/Illuminate/Pipeline/Pipeline.php(219): Illuminate\\Foundation\\Http\\Middleware\\TrimStrings->handle(Object(Illuminate\\Http\\Request), Object(Closure))
#30 /Users/a/Desktop/genix seeds 3/vendor/laravel/framework/src/Illuminate/Http/Middleware/ValidatePostSize.php(27): Illuminate\\Pipeline\\Pipeline->{closure:{closure:Illuminate\\Pipeline\\Pipeline::carry():194}:195}(Object(Illuminate\\Http\\Request))
#31 /Users/a/Desktop/genix seeds 3/vendor/laravel/framework/src/Illuminate/Pipeline/Pipeline.php(219): Illuminate\\Http\\Middleware\\ValidatePostSize->handle(Object(Illuminate\\Http\\Request), Object(Closure))
#32 /Users/a/Desktop/genix seeds 3/vendor/laravel/framework/src/Illuminate/Foundation/Http/Middleware/PreventRequestsDuringMaintenance.php(110): Illuminate\\Pipeline\\Pipeline->{closure:{closure:Illuminate\\Pipeline\\Pipeline::carry():194}:195}(Object(Illuminate\\Http\\Request))
#33 /Users/a/Desktop/genix seeds 3/vendor/laravel/framework/src/Illuminate/Pipeline/Pipeline.php(219): Illuminate\\Foundation\\Http\\Middleware\\PreventRequestsDuringMaintenance->handle(Object(Illuminate\\Http\\Request), Object(Closure))
#34 /Users/a/Desktop/genix seeds 3/vendor/laravel/framework/src/Illuminate/Http/Middleware/HandleCors.php(61): Illuminate\\Pipeline\\Pipeline->{closure:{closure:Illuminate\\Pipeline\\Pipeline::carry():194}:195}(Object(Illuminate\\Http\\Request))
#35 /Users/a/Desktop/genix seeds 3/vendor/laravel/framework/src/Illuminate/Pipeline/Pipeline.php(219): Illuminate\\Http\\Middleware\\HandleCors->handle(Object(Illuminate\\Http\\Request), Object(Closure))
#36 /Users/a/Desktop/genix seeds 3/vendor/laravel/framework/src/Illuminate/Http/Middleware/TrustProxies.php(58): Illuminate\\Pipeline\\Pipeline->{closure:{closure:Illuminate\\Pipeline\\Pipeline::carry():194}:195}(Object(Illuminate\\Http\\Request))
#37 /Users/a/Desktop/genix seeds 3/vendor/laravel/framework/src/Illuminate/Pipeline/Pipeline.php(219): Illuminate\\Http\\Middleware\\TrustProxies->handle(Object(Illuminate\\Http\\Request), Object(Closure))
#38 /Users/a/Desktop/genix seeds 3/vendor/laravel/framework/src/Illuminate/Foundation/Http/Middleware/InvokeDeferredCallbacks.php(22): Illuminate\\Pipeline\\Pipeline->{closure:{closure:Illuminate\\Pipeline\\Pipeline::carry():194}:195}(Object(Illuminate\\Http\\Request))
#39 /Users/a/Desktop/genix seeds 3/vendor/laravel/framework/src/Illuminate/Pipeline/Pipeline.php(219): Illuminate\\Foundation\\Http\\Middleware\\InvokeDeferredCallbacks->handle(Object(Illuminate\\Http\\Request), Object(Closure))
#40 /Users/a/Desktop/genix seeds 3/vendor/laravel/framework/src/Illuminate/Http/Middleware/ValidatePathEncoding.php(28): Illuminate\\Pipeline\\Pipeline->{closure:{closure:Illuminate\\Pipeline\\Pipeline::carry():194}:195}(Object(Illuminate\\Http\\Request))
#41 /Users/a/Desktop/genix seeds 3/vendor/laravel/framework/src/Illuminate/Pipeline/Pipeline.php(219): Illuminate\\Http\\Middleware\\ValidatePathEncoding->handle(Object(Illuminate\\Http\\Request), Object(Closure))
#42 /Users/a/Desktop/genix seeds 3/vendor/laravel/framework/src/Illuminate/Pipeline/Pipeline.php(137): Illuminate\\Pipeline\\Pipeline->{closure:{closure:Illuminate\\Pipeline\\Pipeline::carry():194}:195}(Object(Illuminate\\Http\\Request))
#43 /Users/a/Desktop/genix seeds 3/vendor/laravel/framework/src/Illuminate/Foundation/Http/Kernel.php(175): Illuminate\\Pipeline\\Pipeline->then(Object(Closure))
#44 /Users/a/Desktop/genix seeds 3/vendor/laravel/framework/src/Illuminate/Foundation/Http/Kernel.php(144): Illuminate\\Foundation\\Http\\Kernel->sendRequestThroughRouter(Object(Illuminate\\Http\\Request))
#45 /Users/a/Desktop/genix seeds 3/vendor/laravel/framework/src/Illuminate/Foundation/Application.php(1227): Illuminate\\Foundation\\Http\\Kernel->handle(Object(Illuminate\\Http\\Request))
#46 /Users/a/Desktop/genix seeds 3/public/index.php(20): Illuminate\\Foundation\\Application->handleRequest(Object(Illuminate\\Http\\Request))
#47 /Users/a/Desktop/genix seeds 3/vendor/laravel/framework/src/Illuminate/Foundation/resources/server.php(23): require_once('/Users/a/Deskto...')
#48 {main}
"} 
[2026-09-15 08:37:35] production.ERROR: No application encryption key has been specified. {"exception":"[object] (Illuminate\\Encryption\\MissingAppKeyException(code: 0): No application encryption key has been specified. at /Users/a/Desktop/genix seeds 3/vendor/laravel/framework/src/Illuminate/Encryption/EncryptionServiceProvider.php:83)
[stacktrace]
#0 /Users/a/Desktop/genix seeds 3/vendor/laravel/framework/src/Illuminate/Support/helpers.php(393): Illuminate\\Encryption\\EncryptionServiceProvider->{closure:Illuminate\\Encryption\\EncryptionServiceProvider::key():81}(NULL)
#1 /Users/a/Desktop/genix seeds 3/vendor/laravel/framework/src/Illuminate/Encryption/EncryptionServiceProvider.php(81): tap(NULL, Object(Closure))
#2 /Users/a/Desktop/genix seeds 3/vendor/laravel/framework/src/Illuminate/Encryption/EncryptionServiceProvider.php(64): Illuminate\\Encryption\\EncryptionServiceProvider->key(Array)
#3 /Users/a/Desktop/genix seeds 3/vendor/laravel/framework/src/Illuminate/Encryption/EncryptionServiceProvider.php(32): Illuminate\\Encryption\\EncryptionServiceProvider->parseKey(Array)
#4 /Users/a/Desktop/genix seeds 3/vendor/laravel/framework/src/Illuminate/Container/Container.php(1140): Illuminate\\Encryption\\EncryptionServiceProvider->{closure:Illuminate\\Encryption\\EncryptionServiceProvider::registerEncrypter():29}(Object(Illuminate\\Foundation\\Application), Array)
#5 /Users/a/Desktop/genix seeds 3/vendor/laravel/framework/src/Illuminate/Container/Container.php(939): Illuminate\\Container\\Container->build(Object(Closure))
#6 /Users/a/Desktop/genix seeds 3/vendor/laravel/framework/src/Illuminate/Foundation/Application.php(1085): Illuminate\\Container\\Container->resolve('encrypter', Array, true)
#7 /Users/a/Desktop/genix seeds 3/vendor/laravel/framework/src/Illuminate/Container/Container.php(867): Illuminate\\Foundation\\Application->resolve('encrypter', Array)
#8 /Users/a/Desktop/genix seeds 3/vendor/laravel/framework/src/Illuminate/Foundation/Application.php(1065): Illuminate\\Container\\Container->make('encrypter', Array)
#9 /Users/a/Desktop/genix seeds 3/vendor/laravel/framework/src/Illuminate/Container/Container.php(1363): Illuminate\\Foundation\\Application->make('encrypter')
#10 /Users/a/Desktop/genix seeds 3/vendor/laravel/framework/src/Illuminate/Container/Container.php(1264): Illuminate\\Container\\Container->resolveClass(Object(ReflectionParameter), 'Illuminate\\\\Cont...')
#11 /Users/a/Desktop/genix seeds 3/vendor/laravel/framework/src/Illuminate/Container/Container.php(1187): Illuminate\\Container\\Container->resolveDependencies(Array)
#12 /Users/a/Desktop/genix seeds 3/vendor/laravel/framework/src/Illuminate/Container/Container.php(939): Illuminate\\Container\\Container->build('Illuminate\\\\Cook...')
#13 /Users/a/Desktop/genix seeds 3/vendor/laravel/framework/src/Illuminate/Foundation/Application.php(1085): Illuminate\\Container\\Container->resolve('Illuminate\\\\Cook...', Array, true)
#14 /Users/a/Desktop/genix seeds 3/vendor/laravel/framework/src/Illuminate/Container/Container.php(867): Illuminate\\Foundation\\Application->resolve('Illuminate\\\\Cook...', Array)
#15 /Users/a/Desktop/genix seeds 3/vendor/laravel/framework/src/Illuminate/Foundation/Application.php(1065): Illuminate\\Container\\Container->make('Illuminate\\\\Cook...', Array)
#16 /Users/a/Desktop/genix seeds 3/vendor/laravel/framework/src/Illuminate/Foundation/Http/Kernel.php(257): Illuminate\\Foundation\\Application->make('Illuminate\\\\Cook...')
#17 /Users/a/Desktop/genix seeds 3/vendor/laravel/framework/src/Illuminate/Foundation/Http/Kernel.php(215): Illuminate\\Foundation\\Http\\Kernel->terminateMiddleware(Object(Illuminate\\Http\\Request), Object(Illuminate\\Http\\Response))
#18 /Users/a/Desktop/genix seeds 3/vendor/laravel/framework/src/Illuminate/Foundation/Application.php(1229): Illuminate\\Foundation\\Http\\Kernel->terminate(Object(Illuminate\\Http\\Request), Object(Illuminate\\Http\\Response))
#19 /Users/a/Desktop/genix seeds 3/public/index.php(20): Illuminate\\Foundation\\Application->handleRequest(Object(Illuminate\\Http\\Request))
#20 /Users/a/Desktop/genix seeds 3/vendor/laravel/framework/src/Illuminate/Foundation/resources/server.php(23): require_once('/Users/a/Deskto...')
#21 {main}
"} 
[2026-09-15 08:37:35] production.ERROR: Uncaught ErrorException: Cannot modify header information - headers already sent by (output started at /Users/a/Desktop/genix seeds 3/vendor/symfony/http-foundation/Response.php:1284) in /Users/a/Desktop/genix seeds 3/vendor/symfony/http-foundation/Response.php:328
Stack trace:
#0 /Users/a/Desktop/genix seeds 3/vendor/laravel/framework/src/Illuminate/Foundation/Bootstrap/HandleExceptions.php(265): Illuminate\Foundation\Bootstrap\HandleExceptions->handleError(2, 'Cannot modify h...', '/Users/a/Deskto...', 328)
#1 [internal function]: Illuminate\Foundation\Bootstrap\HandleExceptions->{closure:Illuminate\Foundation\Bootstrap\HandleExceptions::forwardsTo():264}(2, 'Cannot modify h...', '/Users/a/Deskto...', 328)
#2 /Users/a/Desktop/genix seeds 3/vendor/symfony/http-foundation/Response.php(328): header('HTTP/1.1 500 In...', true, 500)
#3 /Users/a/Desktop/genix seeds 3/vendor/symfony/http-foundation/Response.php(407): Symfony\Component\HttpFoundation\Response->sendHeaders()
#4 /Users/a/Desktop/genix seeds 3/vendor/laravel/framework/src/Illuminate/Foundation/Bootstrap/HandleExceptions.php(228): Symfony\Component\HttpFoundation\Response->send()
#5 /Users/a/Desktop/genix seeds 3/vendor/laravel/framework/src/Illuminate/Foundation/Bootstrap/HandleExceptions.php(205): Illuminate\Foundation\Bootstrap\HandleExceptions->renderHttpResponse(Object(Illuminate\Encryption\MissingAppKeyException))
#6 /Users/a/Desktop/genix seeds 3/vendor/laravel/framework/src/Illuminate/Foundation/Bootstrap/HandleExceptions.php(265): Illuminate\Foundation\Bootstrap\HandleExceptions->handleException(Object(Illuminate\Encryption\MissingAppKeyException))
#7 [internal function]: Illuminate\Foundation\Bootstrap\HandleExceptions->{closure:Illuminate\Foundation\Bootstrap\HandleExceptions::forwardsTo():264}(Object(Illuminate\Encryption\MissingAppKeyException))
#8 {main}
  thrown {"exception":"[object] (Symfony\\Component\\ErrorHandler\\Error\\FatalError(code: 0): Uncaught ErrorException: Cannot modify header information - headers already sent by (output started at /Users/a/Desktop/genix seeds 3/vendor/symfony/http-foundation/Response.php:1284) in /Users/a/Desktop/genix seeds 3/vendor/symfony/http-foundation/Response.php:328
Stack trace:
#0 /Users/a/Desktop/genix seeds 3/vendor/laravel/framework/src/Illuminate/Foundation/Bootstrap/HandleExceptions.php(265): Illuminate\\Foundation\\Bootstrap\\HandleExceptions->handleError(2, 'Cannot modify h...', '/Users/a/Deskto...', 328)
#1 [internal function]: Illuminate\\Foundation\\Bootstrap\\HandleExceptions->{closure:Illuminate\\Foundation\\Bootstrap\\HandleExceptions::forwardsTo():264}(2, 'Cannot modify h...', '/Users/a/Deskto...', 328)
#2 /Users/a/Desktop/genix seeds 3/vendor/symfony/http-foundation/Response.php(328): header('HTTP/1.1 500 In...', true, 500)
#3 /Users/a/Desktop/genix seeds 3/vendor/symfony/http-foundation/Response.php(407): Symfony\\Component\\HttpFoundation\\Response->sendHeaders()
#4 /Users/a/Desktop/genix seeds 3/vendor/laravel/framework/src/Illuminate/Foundation/Bootstrap/HandleExceptions.php(228): Symfony\\Component\\HttpFoundation\\Response->send()
#5 /Users/a/Desktop/genix seeds 3/vendor/laravel/framework/src/Illuminate/Foundation/Bootstrap/HandleExceptions.php(205): Illuminate\\Foundation\\Bootstrap\\HandleExceptions->renderHttpResponse(Object(Illuminate\\Encryption\\MissingAppKeyException))
#6 /Users/a/Desktop/genix seeds 3/vendor/laravel/framework/src/Illuminate/Foundation/Bootstrap/HandleExceptions.php(265): Illuminate\\Foundation\\Bootstrap\\HandleExceptions->handleException(Object(Illuminate\\Encryption\\MissingAppKeyException))
#7 [internal function]: Illuminate\\Foundation\\Bootstrap\\HandleExceptions->{closure:Illuminate\\Foundation\\Bootstrap\\HandleExceptions::forwardsTo():264}(Object(Illuminate\\Encryption\\MissingAppKeyException))
#8 {main}
  thrown at /Users/a/Desktop/genix seeds 3/vendor/symfony/http-foundation/Response.php:328)
[stacktrace]
#0 {main}
"} 
[2026-09-15 08:37:35] production.ERROR: No application encryption key has been specified. {"exception":"[object] (Illuminate\\Encryption\\MissingAppKeyException(code: 0): No application encryption key has been specified. at /Users/a/Desktop/genix seeds 3/vendor/laravel/framework/src/Illuminate/Encryption/EncryptionServiceProvider.php:83)
[stacktrace]
#0 /Users/a/Desktop/genix seeds 3/vendor/laravel/framework/src/Illuminate/Support/helpers.php(393): Illuminate\\Encryption\\EncryptionServiceProvider->{closure:Illuminate\\Encryption\\EncryptionServiceProvider::key():81}(NULL)
#1 /Users/a/Desktop/genix seeds 3/vendor/laravel/framework/src/Illuminate/Encryption/EncryptionServiceProvider.php(81): tap(NULL, Object(Closure))
#2 /Users/a/Desktop/genix seeds 3/vendor/laravel/framework/src/Illuminate/Encryption/EncryptionServiceProvider.php(64): Illuminate\\Encryption\\EncryptionServiceProvider->key(Array)
#3 /Users/a/Desktop/genix seeds 3/vendor/laravel/framework/src/Illuminate/Encryption/EncryptionServiceProvider.php(32): Illuminate\\Encryption\\EncryptionServiceProvider->parseKey(Array)
#4 /Users/a/Desktop/genix seeds 3/vendor/laravel/framework/src/Illuminate/Container/Container.php(1140): Illuminate\\Encryption\\EncryptionServiceProvider->{closure:Illuminate\\Encryption\\EncryptionServiceProvider::registerEncrypter():29}(Object(Illuminate\\Foundation\\Application), Array)
#5 /Users/a/Desktop/genix seeds 3/vendor/laravel/framework/src/Illuminate/Container/Container.php(939): Illuminate\\Container\\Container->build(Object(Closure))
#6 /Users/a/Desktop/genix seeds 3/vendor/laravel/framework/src/Illuminate/Foundation/Application.php(1085): Illuminate\\Container\\Container->resolve('encrypter', Array, true)
#7 /Users/a/Desktop/genix seeds 3/vendor/laravel/framework/src/Illuminate/Container/Container.php(867): Illuminate\\Foundation\\Application->resolve('encrypter', Array)
#8 /Users/a/Desktop/genix seeds 3/vendor/laravel/framework/src/Illuminate/Foundation/Application.php(1065): Illuminate\\Container\\Container->make('encrypter', Array)
#9 /Users/a/Desktop/genix seeds 3/vendor/laravel/framework/src/Illuminate/Container/Container.php(1363): Illuminate\\Foundation\\Application->make('encrypter')
#10 /Users/a/Desktop/genix seeds 3/vendor/laravel/framework/src/Illuminate/Container/Container.php(1264): Illuminate\\Container\\Container->resolveClass(Object(ReflectionParameter), 'Illuminate\\\\Cont...')
#11 /Users/a/Desktop/genix seeds 3/vendor/laravel/framework/src/Illuminate/Container/Container.php(1187): Illuminate\\Container\\Container->resolveDependencies(Array)
#12 /Users/a/Desktop/genix seeds 3/vendor/laravel/framework/src/Illuminate/Container/Container.php(939): Illuminate\\Container\\Container->build('Illuminate\\\\Cook...')
#13 /Users/a/Desktop/genix seeds 3/vendor/laravel/framework/src/Illuminate/Foundation/Application.php(1085): Illuminate\\Container\\Container->resolve('Illuminate\\\\Cook...', Array, true)
#14 /Users/a/Desktop/genix seeds 3/vendor/laravel/framework/src/Illuminate/Container/Container.php(867): Illuminate\\Foundation\\Application->resolve('Illuminate\\\\Cook...', Array)
#15 /Users/a/Desktop/genix seeds 3/vendor/laravel/framework/src/Illuminate/Foundation/Application.php(1065): Illuminate\\Container\\Container->make('Illuminate\\\\Cook...', Array)
#16 /Users/a/Desktop/genix seeds 3/vendor/laravel/framework/src/Illuminate/Pipeline/Pipeline.php(208): Illuminate\\Foundation\\Application->make('Illuminate\\\\Cook...')
#17 /Users/a/Desktop/genix seeds 3/vendor/laravel/framework/src/Illuminate/Pipeline/Pipeline.php(137): Illuminate\\Pipeline\\Pipeline->{closure:{closure:Illuminate\\Pipeline\\Pipeline::carry():194}:195}(Object(Illuminate\\Http\\Request))
#18 /Users/a/Desktop/genix seeds 3/vendor/laravel/framework/src/Illuminate/Routing/Router.php(821): Illuminate\\Pipeline\\Pipeline->then(Object(Closure))
#19 /Users/a/Desktop/genix seeds 3/vendor/laravel/framework/src/Illuminate/Routing/Router.php(800): Illuminate\\Routing\\Router->runRouteWithinStack(Object(Illuminate\\Routing\\Route), Object(Illuminate\\Http\\Request))
#20 /Users/a/Desktop/genix seeds 3/vendor/laravel/framework/src/Illuminate/Routing/Router.php(764): Illuminate\\Routing\\Router->runRoute(Object(Illuminate\\Http\\Request), Object(Illuminate\\Routing\\Route))
#21 /Users/a/Desktop/genix seeds 3/vendor/laravel/framework/src/Illuminate/Routing/Router.php(753): Illuminate\\Routing\\Router->dispatchToRoute(Object(Illuminate\\Http\\Request))
#22 /Users/a/Desktop/genix seeds 3/vendor/laravel/framework/src/Illuminate/Foundation/Http/Kernel.php(200): Illuminate\\Routing\\Router->dispatch(Object(Illuminate\\Http\\Request))
#23 /Users/a/Desktop/genix seeds 3/vendor/laravel/framework/src/Illuminate/Pipeline/Pipeline.php(180): Illuminate\\Foundation\\Http\\Kernel->{closure:Illuminate\\Foundation\\Http\\Kernel::dispatchToRouter():197}(Object(Illuminate\\Http\\Request))
#24 /Users/a/Desktop/genix seeds 3/vendor/laravel/framework/src/Illuminate/Foundation/Http/Middleware/TransformsRequest.php(21): Illuminate\\Pipeline\\Pipeline->{closure:Illuminate\\Pipeline\\Pipeline::prepareDestination():178}(Object(Illuminate\\Http\\Request))
#25 /Users/a/Desktop/genix seeds 3/vendor/laravel/framework/src/Illuminate/Foundation/Http/Middleware/ConvertEmptyStringsToNull.php(31): Illuminate\\Foundation\\Http\\Middleware\\TransformsRequest->handle(Object(Illuminate\\Http\\Request), Object(Closure))
#26 /Users/a/Desktop/genix seeds 3/vendor/laravel/framework/src/Illuminate/Pipeline/Pipeline.php(219): Illuminate\\Foundation\\Http\\Middleware\\ConvertEmptyStringsToNull->handle(Object(Illuminate\\Http\\Request), Object(Closure))
#27 /Users/a/Desktop/genix seeds 3/vendor/laravel/framework/src/Illuminate/Foundation/Http/Middleware/TransformsRequest.php(21): Illuminate\\Pipeline\\Pipeline->{closure:{closure:Illuminate\\Pipeline\\Pipeline::carry():194}:195}(Object(Illuminate\\Http\\Request))
#28 /Users/a/Desktop/genix seeds 3/vendor/laravel/framework/src/Illuminate/Foundation/Http/Middleware/TrimStrings.php(51): Illuminate\\Foundation\\Http\\Middleware\\TransformsRequest->handle(Object(Illuminate\\Http\\Request), Object(Closure))
#29 /Users/a/Desktop/genix seeds 3/vendor/laravel/framework/src/Illuminate/Pipeline/Pipeline.php(219): Illuminate\\Foundation\\Http\\Middleware\\TrimStrings->handle(Object(Illuminate\\Http\\Request), Object(Closure))
#30 /Users/a/Desktop/genix seeds 3/vendor/laravel/framework/src/Illuminate/Http/Middleware/ValidatePostSize.php(27): Illuminate\\Pipeline\\Pipeline->{closure:{closure:Illuminate\\Pipeline\\Pipeline::carry():194}:195}(Object(Illuminate\\Http\\Request))
#31 /Users/a/Desktop/genix seeds 3/vendor/laravel/framework/src/Illuminate/Pipeline/Pipeline.php(219): Illuminate\\Http\\Middleware\\ValidatePostSize->handle(Object(Illuminate\\Http\\Request), Object(Closure))
#32 /Users/a/Desktop/genix seeds 3/vendor/laravel/framework/src/Illuminate/Foundation/Http/Middleware/PreventRequestsDuringMaintenance.php(110): Illuminate\\Pipeline\\Pipeline->{closure:{closure:Illuminate\\Pipeline\\Pipeline::carry():194}:195}(Object(Illuminate\\Http\\Request))
#33 /Users/a/Desktop/genix seeds 3/vendor/laravel/framework/src/Illuminate/Pipeline/Pipeline.php(219): Illuminate\\Foundation\\Http\\Middleware\\PreventRequestsDuringMaintenance->handle(Object(Illuminate\\Http\\Request), Object(Closure))
#34 /Users/a/Desktop/genix seeds 3/vendor/laravel/framework/src/Illuminate/Http/Middleware/HandleCors.php(61): Illuminate\\Pipeline\\Pipeline->{closure:{closure:Illuminate\\Pipeline\\Pipeline::carry():194}:195}(Object(Illuminate\\Http\\Request))
#35 /Users/a/Desktop/genix seeds 3/vendor/laravel/framework/src/Illuminate/Pipeline/Pipeline.php(219): Illuminate\\Http\\Middleware\\HandleCors->handle(Object(Illuminate\\Http\\Request), Object(Closure))
#36 /Users/a/Desktop/genix seeds 3/vendor/laravel/framework/src/Illuminate/Http/Middleware/TrustProxies.php(58): Illuminate\\Pipeline\\Pipeline->{closure:{closure:Illuminate\\Pipeline\\Pipeline::carry():194}:195}(Object(Illuminate\\Http\\Request))
#37 /Users/a/Desktop/genix seeds 3/vendor/laravel/framework/src/Illuminate/Pipeline/Pipeline.php(219): Illuminate\\Http\\Middleware\\TrustProxies->handle(Object(Illuminate\\Http\\Request), Object(Closure))
#38 /Users/a/Desktop/genix seeds 3/vendor/laravel/framework/src/Illuminate/Foundation/Http/Middleware/InvokeDeferredCallbacks.php(22): Illuminate\\Pipeline\\Pipeline->{closure:{closure:Illuminate\\Pipeline\\Pipeline::carry():194}:195}(Object(Illuminate\\Http\\Request))
#39 /Users/a/Desktop/genix seeds 3/vendor/laravel/framework/src/Illuminate/Pipeline/Pipeline.php(219): Illuminate\\Foundation\\Http\\Middleware\\InvokeDeferredCallbacks->handle(Object(Illuminate\\Http\\Request), Object(Closure))
#40 /Users/a/Desktop/genix seeds 3/vendor/laravel/framework/src/Illuminate/Http/Middleware/ValidatePathEncoding.php(28): Illuminate\\Pipeline\\Pipeline->{closure:{closure:Illuminate\\Pipeline\\Pipeline::carry():194}:195}(Object(Illuminate\\Http\\Request))
#41 /Users/a/Desktop/genix seeds 3/vendor/laravel/framework/src/Illuminate/Pipeline/Pipeline.php(219): Illuminate\\Http\\Middleware\\ValidatePathEncoding->handle(Object(Illuminate\\Http\\Request), Object(Closure))
#42 /Users/a/Desktop/genix seeds 3/vendor/laravel/framework/src/Illuminate/Pipeline/Pipeline.php(137): Illuminate\\Pipeline\\Pipeline->{closure:{closure:Illuminate\\Pipeline\\Pipeline::carry():194}:195}(Object(Illuminate\\Http\\Request))
#43 /Users/a/Desktop/genix seeds 3/vendor/laravel/framework/src/Illuminate/Foundation/Http/Kernel.php(175): Illuminate\\Pipeline\\Pipeline->then(Object(Closure))
#44 /Users/a/Desktop/genix seeds 3/vendor/laravel/framework/src/Illuminate/Foundation/Http/Kernel.php(144): Illuminate\\Foundation\\Http\\Kernel->sendRequestThroughRouter(Object(Illuminate\\Http\\Request))
#45 /Users/a/Desktop/genix seeds 3/vendor/laravel/framework/src/Illuminate/Foundation/Application.php(1227): Illuminate\\Foundation\\Http\\Kernel->handle(Object(Illuminate\\Http\\Request))
#46 /Users/a/Desktop/genix seeds 3/public/index.php(20): Illuminate\\Foundation\\Application->handleRequest(Object(Illuminate\\Http\\Request))
#47 /Users/a/Desktop/genix seeds 3/vendor/laravel/framework/src/Illuminate/Foundation/resources/server.php(23): require_once('/Users/a/Deskto...')
#48 {main}
"} 
[2026-09-15 08:37:35] production.ERROR: No application encryption key has been specified. {"exception":"[object] (Illuminate\\Encryption\\MissingAppKeyException(code: 0): No application encryption key has been specified. at /Users/a/Desktop/genix seeds 3/vendor/laravel/framework/src/Illuminate/Encryption/EncryptionServiceProvider.php:83)
[stacktrace]
#0 /Users/a/Desktop/genix seeds 3/vendor/laravel/framework/src/Illuminate/Support/helpers.php(393): Illuminate\\Encryption\\EncryptionServiceProvider->{closure:Illuminate\\Encryption\\EncryptionServiceProvider::key():81}(NULL)
#1 /Users/a/Desktop/genix seeds 3/vendor/laravel/framework/src/Illuminate/Encryption/EncryptionServiceProvider.php(81): tap(NULL, Object(Closure))
#2 /Users/a/Desktop/genix seeds 3/vendor/laravel/framework/src/Illuminate/Encryption/EncryptionServiceProvider.php(64): Illuminate\\Encryption\\EncryptionServiceProvider->key(Array)
#3 /Users/a/Desktop/genix seeds 3/vendor/laravel/framework/src/Illuminate/Encryption/EncryptionServiceProvider.php(32): Illuminate\\Encryption\\EncryptionServiceProvider->parseKey(Array)
#4 /Users/a/Desktop/genix seeds 3/vendor/laravel/framework/src/Illuminate/Container/Container.php(1140): Illuminate\\Encryption\\EncryptionServiceProvider->{closure:Illuminate\\Encryption\\EncryptionServiceProvider::registerEncrypter():29}(Object(Illuminate\\Foundation\\Application), Array)
#5 /Users/a/Desktop/genix seeds 3/vendor/laravel/framework/src/Illuminate/Container/Container.php(939): Illuminate\\Container\\Container->build(Object(Closure))
#6 /Users/a/Desktop/genix seeds 3/vendor/laravel/framework/src/Illuminate/Foundation/Application.php(1085): Illuminate\\Container\\Container->resolve('encrypter', Array, true)
#7 /Users/a/Desktop/genix seeds 3/vendor/laravel/framework/src/Illuminate/Container/Container.php(867): Illuminate\\Foundation\\Application->resolve('encrypter', Array)
#8 /Users/a/Desktop/genix seeds 3/vendor/laravel/framework/src/Illuminate/Foundation/Application.php(1065): Illuminate\\Container\\Container->make('encrypter', Array)
#9 /Users/a/Desktop/genix seeds 3/vendor/laravel/framework/src/Illuminate/Container/Container.php(1363): Illuminate\\Foundation\\Application->make('encrypter')
#10 /Users/a/Desktop/genix seeds 3/vendor/laravel/framework/src/Illuminate/Container/Container.php(1264): Illuminate\\Container\\Container->resolveClass(Object(ReflectionParameter), 'Illuminate\\\\Cont...')
#11 /Users/a/Desktop/genix seeds 3/vendor/laravel/framework/src/Illuminate/Container/Container.php(1187): Illuminate\\Container\\Container->resolveDependencies(Array)
#12 /Users/a/Desktop/genix seeds 3/vendor/laravel/framework/src/Illuminate/Container/Container.php(939): Illuminate\\Container\\Container->build('Illuminate\\\\Cook...')
#13 /Users/a/Desktop/genix seeds 3/vendor/laravel/framework/src/Illuminate/Foundation/Application.php(1085): Illuminate\\Container\\Container->resolve('Illuminate\\\\Cook...', Array, true)
#14 /Users/a/Desktop/genix seeds 3/vendor/laravel/framework/src/Illuminate/Container/Container.php(867): Illuminate\\Foundation\\Application->resolve('Illuminate\\\\Cook...', Array)
#15 /Users/a/Desktop/genix seeds 3/vendor/laravel/framework/src/Illuminate/Foundation/Application.php(1065): Illuminate\\Container\\Container->make('Illuminate\\\\Cook...', Array)
#16 /Users/a/Desktop/genix seeds 3/vendor/laravel/framework/src/Illuminate/Foundation/Http/Kernel.php(257): Illuminate\\Foundation\\Application->make('Illuminate\\\\Cook...')
#17 /Users/a/Desktop/genix seeds 3/vendor/laravel/framework/src/Illuminate/Foundation/Http/Kernel.php(215): Illuminate\\Foundation\\Http\\Kernel->terminateMiddleware(Object(Illuminate\\Http\\Request), Object(Illuminate\\Http\\Response))
#18 /Users/a/Desktop/genix seeds 3/vendor/laravel/framework/src/Illuminate/Foundation/Application.php(1229): Illuminate\\Foundation\\Http\\Kernel->terminate(Object(Illuminate\\Http\\Request), Object(Illuminate\\Http\\Response))
#19 /Users/a/Desktop/genix seeds 3/public/index.php(20): Illuminate\\Foundation\\Application->handleRequest(Object(Illuminate\\Http\\Request))
#20 /Users/a/Desktop/genix seeds 3/vendor/laravel/framework/src/Illuminate/Foundation/resources/server.php(23): require_once('/Users/a/Deskto...')
#21 {main}
"} 
[2026-09-15 08:37:35] production.ERROR: Uncaught ErrorException: Cannot modify header information - headers already sent by (output started at /Users/a/Desktop/genix seeds 3/vendor/symfony/http-foundation/Response.php:1284) in /Users/a/Desktop/genix seeds 3/vendor/symfony/http-foundation/Response.php:328
Stack trace:
#0 /Users/a/Desktop/genix seeds 3/vendor/laravel/framework/src/Illuminate/Foundation/Bootstrap/HandleExceptions.php(265): Illuminate\Foundation\Bootstrap\HandleExceptions->handleError(2, 'Cannot modify h...', '/Users/a/Deskto...', 328)
#1 [internal function]: Illuminate\Foundation\Bootstrap\HandleExceptions->{closure:Illuminate\Foundation\Bootstrap\HandleExceptions::forwardsTo():264}(2, 'Cannot modify h...', '/Users/a/Deskto...', 328)
#2 /Users/a/Desktop/genix seeds 3/vendor/symfony/http-foundation/Response.php(328): header('HTTP/1.1 500 In...', true, 500)
#3 /Users/a/Desktop/genix seeds 3/vendor/symfony/http-foundation/Response.php(407): Symfony\Component\HttpFoundation\Response->sendHeaders()
#4 /Users/a/Desktop/genix seeds 3/vendor/laravel/framework/src/Illuminate/Foundation/Bootstrap/HandleExceptions.php(228): Symfony\Component\HttpFoundation\Response->send()
#5 /Users/a/Desktop/genix seeds 3/vendor/laravel/framework/src/Illuminate/Foundation/Bootstrap/HandleExceptions.php(205): Illuminate\Foundation\Bootstrap\HandleExceptions->renderHttpResponse(Object(Illuminate\Encryption\MissingAppKeyException))
#6 /Users/a/Desktop/genix seeds 3/vendor/laravel/framework/src/Illuminate/Foundation/Bootstrap/HandleExceptions.php(265): Illuminate\Foundation\Bootstrap\HandleExceptions->handleException(Object(Illuminate\Encryption\MissingAppKeyException))
#7 [internal function]: Illuminate\Foundation\Bootstrap\HandleExceptions->{closure:Illuminate\Foundation\Bootstrap\HandleExceptions::forwardsTo():264}(Object(Illuminate\Encryption\MissingAppKeyException))
#8 {main}
  thrown {"exception":"[object] (Symfony\\Component\\ErrorHandler\\Error\\FatalError(code: 0): Uncaught ErrorException: Cannot modify header information - headers already sent by (output started at /Users/a/Desktop/genix seeds 3/vendor/symfony/http-foundation/Response.php:1284) in /Users/a/Desktop/genix seeds 3/vendor/symfony/http-foundation/Response.php:328
Stack trace:
#0 /Users/a/Desktop/genix seeds 3/vendor/laravel/framework/src/Illuminate/Foundation/Bootstrap/HandleExceptions.php(265): Illuminate\\Foundation\\Bootstrap\\HandleExceptions->handleError(2, 'Cannot modify h...', '/Users/a/Deskto...', 328)
#1 [internal function]: Illuminate\\Foundation\\Bootstrap\\HandleExceptions->{closure:Illuminate\\Foundation\\Bootstrap\\HandleExceptions::forwardsTo():264}(2, 'Cannot modify h...', '/Users/a/Deskto...', 328)
#2 /Users/a/Desktop/genix seeds 3/vendor/symfony/http-foundation/Response.php(328): header('HTTP/1.1 500 In...', true, 500)
#3 /Users/a/Desktop/genix seeds 3/vendor/symfony/http-foundation/Response.php(407): Symfony\\Component\\HttpFoundation\\Response->sendHeaders()
#4 /Users/a/Desktop/genix seeds 3/vendor/laravel/framework/src/Illuminate/Foundation/Bootstrap/HandleExceptions.php(228): Symfony\\Component\\HttpFoundation\\Response->send()
#5 /Users/a/Desktop/genix seeds 3/vendor/laravel/framework/src/Illuminate/Foundation/Bootstrap/HandleExceptions.php(205): Illuminate\\Foundation\\Bootstrap\\HandleExceptions->renderHttpResponse(Object(Illuminate\\Encryption\\MissingAppKeyException))
#6 /Users/a/Desktop/genix seeds 3/vendor/laravel/framework/src/Illuminate/Foundation/Bootstrap/HandleExceptions.php(265): Illuminate\\Foundation\\Bootstrap\\HandleExceptions->handleException(Object(Illuminate\\Encryption\\MissingAppKeyException))
#7 [internal function]: Illuminate\\Foundation\\Bootstrap\\HandleExceptions->{closure:Illuminate\\Foundation\\Bootstrap\\HandleExceptions::forwardsTo():264}(Object(Illuminate\\Encryption\\MissingAppKeyException))
#8 {main}
  thrown at /Users/a/Desktop/genix seeds 3/vendor/symfony/http-foundation/Response.php:328)
[stacktrace]
#0 {main}
"} 
[2026-09-15 08:37:35] production.ERROR: No application encryption key has been specified. {"exception":"[object] (Illuminate\\Encryption\\MissingAppKeyException(code: 0): No application encryption key has been specified. at /Users/a/Desktop/genix seeds 3/vendor/laravel/framework/src/Illuminate/Encryption/EncryptionServiceProvider.php:83)
[stacktrace]
#0 /Users/a/Desktop/genix seeds 3/vendor/laravel/framework/src/Illuminate/Support/helpers.php(393): Illuminate\\Encryption\\EncryptionServiceProvider->{closure:Illuminate\\Encryption\\EncryptionServiceProvider::key():81}(NULL)
#1 /Users/a/Desktop/genix seeds 3/vendor/laravel/framework/src/Illuminate/Encryption/EncryptionServiceProvider.php(81): tap(NULL, Object(Closure))
#2 /Users/a/Desktop/genix seeds 3/vendor/laravel/framework/src/Illuminate/Encryption/EncryptionServiceProvider.php(64): Illuminate\\Encryption\\EncryptionServiceProvider->key(Array)
#3 /Users/a/Desktop/genix seeds 3/vendor/laravel/framework/src/Illuminate/Encryption/EncryptionServiceProvider.php(32): Illuminate\\Encryption\\EncryptionServiceProvider->parseKey(Array)
#4 /Users/a/Desktop/genix seeds 3/vendor/laravel/framework/src/Illuminate/Container/Container.php(1140): Illuminate\\Encryption\\EncryptionServiceProvider->{closure:Illuminate\\Encryption\\EncryptionServiceProvider::registerEncrypter():29}(Object(Illuminate\\Foundation\\Application), Array)
#5 /Users/a/Desktop/genix seeds 3/vendor/laravel/framework/src/Illuminate/Container/Container.php(939): Illuminate\\Container\\Container->build(Object(Closure))
#6 /Users/a/Desktop/genix seeds 3/vendor/laravel/framework/src/Illuminate/Foundation/Application.php(1085): Illuminate\\Container\\Container->resolve('encrypter', Array, true)
#7 /Users/a/Desktop/genix seeds 3/vendor/laravel/framework/src/Illuminate/Container/Container.php(867): Illuminate\\Foundation\\Application->resolve('encrypter', Array)
#8 /Users/a/Desktop/genix seeds 3/vendor/laravel/framework/src/Illuminate/Foundation/Application.php(1065): Illuminate\\Container\\Container->make('encrypter', Array)
#9 /Users/a/Desktop/genix seeds 3/vendor/laravel/framework/src/Illuminate/Container/Container.php(1363): Illuminate\\Foundation\\Application->make('encrypter')
#10 /Users/a/Desktop/genix seeds 3/vendor/laravel/framework/src/Illuminate/Container/Container.php(1264): Illuminate\\Container\\Container->resolveClass(Object(ReflectionParameter), 'Illuminate\\\\Cont...')
#11 /Users/a/Desktop/genix seeds 3/vendor/laravel/framework/src/Illuminate/Container/Container.php(1187): Illuminate\\Container\\Container->resolveDependencies(Array)
#12 /Users/a/Desktop/genix seeds 3/vendor/laravel/framework/src/Illuminate/Container/Container.php(939): Illuminate\\Container\\Container->build('Illuminate\\\\Cook...')
#13 /Users/a/Desktop/genix seeds 3/vendor/laravel/framework/src/Illuminate/Foundation/Application.php(1085): Illuminate\\Container\\Container->resolve('Illuminate\\\\Cook...', Array, true)
#14 /Users/a/Desktop/genix seeds 3/vendor/laravel/framework/src/Illuminate/Container/Container.php(867): Illuminate\\Foundation\\Application->resolve('Illuminate\\\\Cook...', Array)
#15 /Users/a/Desktop/genix seeds 3/vendor/laravel/framework/src/Illuminate/Foundation/Application.php(1065): Illuminate\\Container\\Container->make('Illuminate\\\\Cook...', Array)
#16 /Users/a/Desktop/genix seeds 3/vendor/laravel/framework/src/Illuminate/Pipeline/Pipeline.php(208): Illuminate\\Foundation\\Application->make('Illuminate\\\\Cook...')
#17 /Users/a/Desktop/genix seeds 3/vendor/laravel/framework/src/Illuminate/Pipeline/Pipeline.php(137): Illuminate\\Pipeline\\Pipeline->{closure:{closure:Illuminate\\Pipeline\\Pipeline::carry():194}:195}(Object(Illuminate\\Http\\Request))
#18 /Users/a/Desktop/genix seeds 3/vendor/laravel/framework/src/Illuminate/Routing/Router.php(821): Illuminate\\Pipeline\\Pipeline->then(Object(Closure))
#19 /Users/a/Desktop/genix seeds 3/vendor/laravel/framework/src/Illuminate/Routing/Router.php(800): Illuminate\\Routing\\Router->runRouteWithinStack(Object(Illuminate\\Routing\\Route), Object(Illuminate\\Http\\Request))
#20 /Users/a/Desktop/genix seeds 3/vendor/laravel/framework/src/Illuminate/Routing/Router.php(764): Illuminate\\Routing\\Router->runRoute(Object(Illuminate\\Http\\Request), Object(Illuminate\\Routing\\Route))
#21 /Users/a/Desktop/genix seeds 3/vendor/laravel/framework/src/Illuminate/Routing/Router.php(753): Illuminate\\Routing\\Router->dispatchToRoute(Object(Illuminate\\Http\\Request))
#22 /Users/a/Desktop/genix seeds 3/vendor/laravel/framework/src/Illuminate/Foundation/Http/Kernel.php(200): Illuminate\\Routing\\Router->dispatch(Object(Illuminate\\Http\\Request))
#23 /Users/a/Desktop/genix seeds 3/vendor/laravel/framework/src/Illuminate/Pipeline/Pipeline.php(180): Illuminate\\Foundation\\Http\\Kernel->{closure:Illuminate\\Foundation\\Http\\Kernel::dispatchToRouter():197}(Object(Illuminate\\Http\\Request))
#24 /Users/a/Desktop/genix seeds 3/vendor/laravel/framework/src/Illuminate/Foundation/Http/Middleware/TransformsRequest.php(21): Illuminate\\Pipeline\\Pipeline->{closure:Illuminate\\Pipeline\\Pipeline::prepareDestination():178}(Object(Illuminate\\Http\\Request))
#25 /Users/a/Desktop/genix seeds 3/vendor/laravel/framework/src/Illuminate/Foundation/Http/Middleware/ConvertEmptyStringsToNull.php(31): Illuminate\\Foundation\\Http\\Middleware\\TransformsRequest->handle(Object(Illuminate\\Http\\Request), Object(Closure))
#26 /Users/a/Desktop/genix seeds 3/vendor/laravel/framework/src/Illuminate/Pipeline/Pipeline.php(219): Illuminate\\Foundation\\Http\\Middleware\\ConvertEmptyStringsToNull->handle(Object(Illuminate\\Http\\Request), Object(Closure))
#27 /Users/a/Desktop/genix seeds 3/vendor/laravel/framework/src/Illuminate/Foundation/Http/Middleware/TransformsRequest.php(21): Illuminate\\Pipeline\\Pipeline->{closure:{closure:Illuminate\\Pipeline\\Pipeline::carry():194}:195}(Object(Illuminate\\Http\\Request))
#28 /Users/a/Desktop/genix seeds 3/vendor/laravel/framework/src/Illuminate/Foundation/Http/Middleware/TrimStrings.php(51): Illuminate\\Foundation\\Http\\Middleware\\TransformsRequest->handle(Object(Illuminate\\Http\\Request), Object(Closure))
#29 /Users/a/Desktop/genix seeds 3/vendor/laravel/framework/src/Illuminate/Pipeline/Pipeline.php(219): Illuminate\\Foundation\\Http\\Middleware\\TrimStrings->handle(Object(Illuminate\\Http\\Request), Object(Closure))
#30 /Users/a/Desktop/genix seeds 3/vendor/laravel/framework/src/Illuminate/Http/Middleware/ValidatePostSize.php(27): Illuminate\\Pipeline\\Pipeline->{closure:{closure:Illuminate\\Pipeline\\Pipeline::carry():194}:195}(Object(Illuminate\\Http\\Request))
#31 /Users/a/Desktop/genix seeds 3/vendor/laravel/framework/src/Illuminate/Pipeline/Pipeline.php(219): Illuminate\\Http\\Middleware\\ValidatePostSize->handle(Object(Illuminate\\Http\\Request), Object(Closure))
#32 /Users/a/Desktop/genix seeds 3/vendor/laravel/framework/src/Illuminate/Foundation/Http/Middleware/PreventRequestsDuringMaintenance.php(110): Illuminate\\Pipeline\\Pipeline->{closure:{closure:Illuminate\\Pipeline\\Pipeline::carry():194}:195}(Object(Illuminate\\Http\\Request))
#33 /Users/a/Desktop/genix seeds 3/vendor/laravel/framework/src/Illuminate/Pipeline/Pipeline.php(219): Illuminate\\Foundation\\Http\\Middleware\\PreventRequestsDuringMaintenance->handle(Object(Illuminate\\Http\\Request), Object(Closure))
#34 /Users/a/Desktop/genix seeds 3/vendor/laravel/framework/src/Illuminate/Http/Middleware/HandleCors.php(61): Illuminate\\Pipeline\\Pipeline->{closure:{closure:Illuminate\\Pipeline\\Pipeline::carry():194}:195}(Object(Illuminate\\Http\\Request))
#35 /Users/a/Desktop/genix seeds 3/vendor/laravel/framework/src/Illuminate/Pipeline/Pipeline.php(219): Illuminate\\Http\\Middleware\\HandleCors->handle(Object(Illuminate\\Http\\Request), Object(Closure))
#36 /Users/a/Desktop/genix seeds 3/vendor/laravel/framework/src/Illuminate/Http/Middleware/TrustProxies.php(58): Illuminate\\Pipeline\\Pipeline->{closure:{closure:Illuminate\\Pipeline\\Pipeline::carry():194}:195}(Object(Illuminate\\Http\\Request))
#37 /Users/a/Desktop/genix seeds 3/vendor/laravel/framework/src/Illuminate/Pipeline/Pipeline.php(219): Illuminate\\Http\\Middleware\\TrustProxies->handle(Object(Illuminate\\Http\\Request), Object(Closure))
#38 /Users/a/Desktop/genix seeds 3/vendor/laravel/framework/src/Illuminate/Foundation/Http/Middleware/InvokeDeferredCallbacks.php(22): Illuminate\\Pipeline\\Pipeline->{closure:{closure:Illuminate\\Pipeline\\Pipeline::carry():194}:195}(Object(Illuminate\\Http\\Request))
#39 /Users/a/Desktop/genix seeds 3/vendor/laravel/framework/src/Illuminate/Pipeline/Pipeline.php(219): Illuminate\\Foundation\\Http\\Middleware\\InvokeDeferredCallbacks->handle(Object(Illuminate\\Http\\Request), Object(Closure))
#40 /Users/a/Desktop/genix seeds 3/vendor/laravel/framework/src/Illuminate/Http/Middleware/ValidatePathEncoding.php(28): Illuminate\\Pipeline\\Pipeline->{closure:{closure:Illuminate\\Pipeline\\Pipeline::carry():194}:195}(Object(Illuminate\\Http\\Request))
#41 /Users/a/Desktop/genix seeds 3/vendor/laravel/framework/src/Illuminate/Pipeline/Pipeline.php(219): Illuminate\\Http\\Middleware\\ValidatePathEncoding->handle(Object(Illuminate\\Http\\Request), Object(Closure))
#42 /Users/a/Desktop/genix seeds 3/vendor/laravel/framework/src/Illuminate/Pipeline/Pipeline.php(137): Illuminate\\Pipeline\\Pipeline->{closure:{closure:Illuminate\\Pipeline\\Pipeline::carry():194}:195}(Object(Illuminate\\Http\\Request))
#43 /Users/a/Desktop/genix seeds 3/vendor/laravel/framework/src/Illuminate/Foundation/Http/Kernel.php(175): Illuminate\\Pipeline\\Pipeline->then(Object(Closure))
#44 /Users/a/Desktop/genix seeds 3/vendor/laravel/framework/src/Illuminate/Foundation/Http/Kernel.php(144): Illuminate\\Foundation\\Http\\Kernel->sendRequestThroughRouter(Object(Illuminate\\Http\\Request))
#45 /Users/a/Desktop/genix seeds 3/vendor/laravel/framework/src/Illuminate/Foundation/Application.php(1227): Illuminate\\Foundation\\Http\\Kernel->handle(Object(Illuminate\\Http\\Request))
#46 /Users/a/Desktop/genix seeds 3/public/index.php(20): Illuminate\\Foundation\\Application->handleRequest(Object(Illuminate\\Http\\Request))
#47 /Users/a/Desktop/genix seeds 3/vendor/laravel/framework/src/Illuminate/Foundation/resources/server.php(23): require_once('/Users/a/Deskto...')
#48 {main}
"} 
[2026-09-15 08:37:35] production.ERROR: No application encryption key has been specified. {"exception":"[object] (Illuminate\\Encryption\\MissingAppKeyException(code: 0): No application encryption key has been specified. at /Users/a/Desktop/genix seeds 3/vendor/laravel/framework/src/Illuminate/Encryption/EncryptionServiceProvider.php:83)
[stacktrace]
#0 /Users/a/Desktop/genix seeds 3/vendor/laravel/framework/src/Illuminate/Support/helpers.php(393): Illuminate\\Encryption\\EncryptionServiceProvider->{closure:Illuminate\\Encryption\\EncryptionServiceProvider::key():81}(NULL)
#1 /Users/a/Desktop/genix seeds 3/vendor/laravel/framework/src/Illuminate/Encryption/EncryptionServiceProvider.php(81): tap(NULL, Object(Closure))
#2 /Users/a/Desktop/genix seeds 3/vendor/laravel/framework/src/Illuminate/Encryption/EncryptionServiceProvider.php(64): Illuminate\\Encryption\\EncryptionServiceProvider->key(Array)
#3 /Users/a/Desktop/genix seeds 3/vendor/laravel/framework/src/Illuminate/Encryption/EncryptionServiceProvider.php(32): Illuminate\\Encryption\\EncryptionServiceProvider->parseKey(Array)
#4 /Users/a/Desktop/genix seeds 3/vendor/laravel/framework/src/Illuminate/Container/Container.php(1140): Illuminate\\Encryption\\EncryptionServiceProvider->{closure:Illuminate\\Encryption\\EncryptionServiceProvider::registerEncrypter():29}(Object(Illuminate\\Foundation\\Application), Array)
#5 /Users/a/Desktop/genix seeds 3/vendor/laravel/framework/src/Illuminate/Container/Container.php(939): Illuminate\\Container\\Container->build(Object(Closure))
#6 /Users/a/Desktop/genix seeds 3/vendor/laravel/framework/src/Illuminate/Foundation/Application.php(1085): Illuminate\\Container\\Container->resolve('encrypter', Array, true)
#7 /Users/a/Desktop/genix seeds 3/vendor/laravel/framework/src/Illuminate/Container/Container.php(867): Illuminate\\Foundation\\Application->resolve('encrypter', Array)
#8 /Users/a/Desktop/genix seeds 3/vendor/laravel/framework/src/Illuminate/Foundation/Application.php(1065): Illuminate\\Container\\Container->make('encrypter', Array)
#9 /Users/a/Desktop/genix seeds 3/vendor/laravel/framework/src/Illuminate/Container/Container.php(1363): Illuminate\\Foundation\\Application->make('encrypter')
#10 /Users/a/Desktop/genix seeds 3/vendor/laravel/framework/src/Illuminate/Container/Container.php(1264): Illuminate\\Container\\Container->resolveClass(Object(ReflectionParameter), 'Illuminate\\\\Cont...')
#11 /Users/a/Desktop/genix seeds 3/vendor/laravel/framework/src/Illuminate/Container/Container.php(1187): Illuminate\\Container\\Container->resolveDependencies(Array)
#12 /Users/a/Desktop/genix seeds 3/vendor/laravel/framework/src/Illuminate/Container/Container.php(939): Illuminate\\Container\\Container->build('Illuminate\\\\Cook...')
#13 /Users/a/Desktop/genix seeds 3/vendor/laravel/framework/src/Illuminate/Foundation/Application.php(1085): Illuminate\\Container\\Container->resolve('Illuminate\\\\Cook...', Array, true)
#14 /Users/a/Desktop/genix seeds 3/vendor/laravel/framework/src/Illuminate/Container/Container.php(867): Illuminate\\Foundation\\Application->resolve('Illuminate\\\\Cook...', Array)
#15 /Users/a/Desktop/genix seeds 3/vendor/laravel/framework/src/Illuminate/Foundation/Application.php(1065): Illuminate\\Container\\Container->make('Illuminate\\\\Cook...', Array)
#16 /Users/a/Desktop/genix seeds 3/vendor/laravel/framework/src/Illuminate/Foundation/Http/Kernel.php(257): Illuminate\\Foundation\\Application->make('Illuminate\\\\Cook...')
#17 /Users/a/Desktop/genix seeds 3/vendor/laravel/framework/src/Illuminate/Foundation/Http/Kernel.php(215): Illuminate\\Foundation\\Http\\Kernel->terminateMiddleware(Object(Illuminate\\Http\\Request), Object(Illuminate\\Http\\Response))
#18 /Users/a/Desktop/genix seeds 3/vendor/laravel/framework/src/Illuminate/Foundation/Application.php(1229): Illuminate\\Foundation\\Http\\Kernel->terminate(Object(Illuminate\\Http\\Request), Object(Illuminate\\Http\\Response))
#19 /Users/a/Desktop/genix seeds 3/public/index.php(20): Illuminate\\Foundation\\Application->handleRequest(Object(Illuminate\\Http\\Request))
#20 /Users/a/Desktop/genix seeds 3/vendor/laravel/framework/src/Illuminate/Foundation/resources/server.php(23): require_once('/Users/a/Deskto...')
#21 {main}
"} 
[2026-09-15 08:37:35] production.ERROR: Uncaught ErrorException: Cannot modify header information - headers already sent by (output started at /Users/a/Desktop/genix seeds 3/vendor/symfony/http-foundation/Response.php:1284) in /Users/a/Desktop/genix seeds 3/vendor/symfony/http-foundation/Response.php:328
Stack trace:
#0 /Users/a/Desktop/genix seeds 3/vendor/laravel/framework/src/Illuminate/Foundation/Bootstrap/HandleExceptions.php(265): Illuminate\Foundation\Bootstrap\HandleExceptions->handleError(2, 'Cannot modify h...', '/Users/a/Deskto...', 328)
#1 [internal function]: Illuminate\Foundation\Bootstrap\HandleExceptions->{closure:Illuminate\Foundation\Bootstrap\HandleExceptions::forwardsTo():264}(2, 'Cannot modify h...', '/Users/a/Deskto...', 328)
#2 /Users/a/Desktop/genix seeds 3/vendor/symfony/http-foundation/Response.php(328): header('HTTP/1.1 500 In...', true, 500)
#3 /Users/a/Desktop/genix seeds 3/vendor/symfony/http-foundation/Response.php(407): Symfony\Component\HttpFoundation\Response->sendHeaders()
#4 /Users/a/Desktop/genix seeds 3/vendor/laravel/framework/src/Illuminate/Foundation/Bootstrap/HandleExceptions.php(228): Symfony\Component\HttpFoundation\Response->send()
#5 /Users/a/Desktop/genix seeds 3/vendor/laravel/framework/src/Illuminate/Foundation/Bootstrap/HandleExceptions.php(205): Illuminate\Foundation\Bootstrap\HandleExceptions->renderHttpResponse(Object(Illuminate\Encryption\MissingAppKeyException))
#6 /Users/a/Desktop/genix seeds 3/vendor/laravel/framework/src/Illuminate/Foundation/Bootstrap/HandleExceptions.php(265): Illuminate\Foundation\Bootstrap\HandleExceptions->handleException(Object(Illuminate\Encryption\MissingAppKeyException))
#7 [internal function]: Illuminate\Foundation\Bootstrap\HandleExceptions->{closure:Illuminate\Foundation\Bootstrap\HandleExceptions::forwardsTo():264}(Object(Illuminate\Encryption\MissingAppKeyException))
#8 {main}
  thrown {"exception":"[object] (Symfony\\Component\\ErrorHandler\\Error\\FatalError(code: 0): Uncaught ErrorException: Cannot modify header information - headers already sent by (output started at /Users/a/Desktop/genix seeds 3/vendor/symfony/http-foundation/Response.php:1284) in /Users/a/Desktop/genix seeds 3/vendor/symfony/http-foundation/Response.php:328
Stack trace:
#0 /Users/a/Desktop/genix seeds 3/vendor/laravel/framework/src/Illuminate/Foundation/Bootstrap/HandleExceptions.php(265): Illuminate\\Foundation\\Bootstrap\\HandleExceptions->handleError(2, 'Cannot modify h...', '/Users/a/Deskto...', 328)
#1 [internal function]: Illuminate\\Foundation\\Bootstrap\\HandleExceptions->{closure:Illuminate\\Foundation\\Bootstrap\\HandleExceptions::forwardsTo():264}(2, 'Cannot modify h...', '/Users/a/Deskto...', 328)
#2 /Users/a/Desktop/genix seeds 3/vendor/symfony/http-foundation/Response.php(328): header('HTTP/1.1 500 In...', true, 500)
#3 /Users/a/Desktop/genix seeds 3/vendor/symfony/http-foundation/Response.php(407): Symfony\\Component\\HttpFoundation\\Response->sendHeaders()
#4 /Users/a/Desktop/genix seeds 3/vendor/laravel/framework/src/Illuminate/Foundation/Bootstrap/HandleExceptions.php(228): Symfony\\Component\\HttpFoundation\\Response->send()
#5 /Users/a/Desktop/genix seeds 3/vendor/laravel/framework/src/Illuminate/Foundation/Bootstrap/HandleExceptions.php(205): Illuminate\\Foundation\\Bootstrap\\HandleExceptions->renderHttpResponse(Object(Illuminate\\Encryption\\MissingAppKeyException))
#6 /Users/a/Desktop/genix seeds 3/vendor/laravel/framework/src/Illuminate/Foundation/Bootstrap/HandleExceptions.php(265): Illuminate\\Foundation\\Bootstrap\\HandleExceptions->handleException(Object(Illuminate\\Encryption\\MissingAppKeyException))
#7 [internal function]: Illuminate\\Foundation\\Bootstrap\\HandleExceptions->{closure:Illuminate\\Foundation\\Bootstrap\\HandleExceptions::forwardsTo():264}(Object(Illuminate\\Encryption\\MissingAppKeyException))
#8 {main}
  thrown at /Users/a/Desktop/genix seeds 3/vendor/symfony/http-foundation/Response.php:328)
[stacktrace]
#0 {main}
"} 
[2026-09-15 08:37:35] production.ERROR: No application encryption key has been specified. {"exception":"[object] (Illuminate\\Encryption\\MissingAppKeyException(code: 0): No application encryption key has been specified. at /Users/a/Desktop/genix seeds 3/vendor/laravel/framework/src/Illuminate/Encryption/EncryptionServiceProvider.php:83)
[stacktrace]
#0 /Users/a/Desktop/genix seeds 3/vendor/laravel/framework/src/Illuminate/Support/helpers.php(393): Illuminate\\Encryption\\EncryptionServiceProvider->{closure:Illuminate\\Encryption\\EncryptionServiceProvider::key():81}(NULL)
#1 /Users/a/Desktop/genix seeds 3/vendor/laravel/framework/src/Illuminate/Encryption/EncryptionServiceProvider.php(81): tap(NULL, Object(Closure))
#2 /Users/a/Desktop/genix seeds 3/vendor/laravel/framework/src/Illuminate/Encryption/EncryptionServiceProvider.php(64): Illuminate\\Encryption\\EncryptionServiceProvider->key(Array)
#3 /Users/a/Desktop/genix seeds 3/vendor/laravel/framework/src/Illuminate/Encryption/EncryptionServiceProvider.php(32): Illuminate\\Encryption\\EncryptionServiceProvider->parseKey(Array)
#4 /Users/a/Desktop/genix seeds 3/vendor/laravel/framework/src/Illuminate/Container/Container.php(1140): Illuminate\\Encryption\\EncryptionServiceProvider->{closure:Illuminate\\Encryption\\EncryptionServiceProvider::registerEncrypter():29}(Object(Illuminate\\Foundation\\Application), Array)
#5 /Users/a/Desktop/genix seeds 3/vendor/laravel/framework/src/Illuminate/Container/Container.php(939): Illuminate\\Container\\Container->build(Object(Closure))
#6 /Users/a/Desktop/genix seeds 3/vendor/laravel/framework/src/Illuminate/Foundation/Application.php(1085): Illuminate\\Container\\Container->resolve('encrypter', Array, true)
#7 /Users/a/Desktop/genix seeds 3/vendor/laravel/framework/src/Illuminate/Container/Container.php(867): Illuminate\\Foundation\\Application->resolve('encrypter', Array)
#8 /Users/a/Desktop/genix seeds 3/vendor/laravel/framework/src/Illuminate/Foundation/Application.php(1065): Illuminate\\Container\\Container->make('encrypter', Array)
#9 /Users/a/Desktop/genix seeds 3/vendor/laravel/framework/src/Illuminate/Container/Container.php(1363): Illuminate\\Foundation\\Application->make('encrypter')
#10 /Users/a/Desktop/genix seeds 3/vendor/laravel/framework/src/Illuminate/Container/Container.php(1264): Illuminate\\Container\\Container->resolveClass(Object(ReflectionParameter), 'Illuminate\\\\Cont...')
#11 /Users/a/Desktop/genix seeds 3/vendor/laravel/framework/src/Illuminate/Container/Container.php(1187): Illuminate\\Container\\Container->resolveDependencies(Array)
#12 /Users/a/Desktop/genix seeds 3/vendor/laravel/framework/src/Illuminate/Container/Container.php(939): Illuminate\\Container\\Container->build('Illuminate\\\\Cook...')
#13 /Users/a/Desktop/genix seeds 3/vendor/laravel/framework/src/Illuminate/Foundation/Application.php(1085): Illuminate\\Container\\Container->resolve('Illuminate\\\\Cook...', Array, true)
#14 /Users/a/Desktop/genix seeds 3/vendor/laravel/framework/src/Illuminate/Container/Container.php(867): Illuminate\\Foundation\\Application->resolve('Illuminate\\\\Cook...', Array)
#15 /Users/a/Desktop/genix seeds 3/vendor/laravel/framework/src/Illuminate/Foundation/Application.php(1065): Illuminate\\Container\\Container->make('Illuminate\\\\Cook...', Array)
#16 /Users/a/Desktop/genix seeds 3/vendor/laravel/framework/src/Illuminate/Pipeline/Pipeline.php(208): Illuminate\\Foundation\\Application->make('Illuminate\\\\Cook...')
#17 /Users/a/Desktop/genix seeds 3/vendor/laravel/framework/src/Illuminate/Pipeline/Pipeline.php(137): Illuminate\\Pipeline\\Pipeline->{closure:{closure:Illuminate\\Pipeline\\Pipeline::carry():194}:195}(Object(Illuminate\\Http\\Request))
#18 /Users/a/Desktop/genix seeds 3/vendor/laravel/framework/src/Illuminate/Routing/Router.php(821): Illuminate\\Pipeline\\Pipeline->then(Object(Closure))
#19 /Users/a/Desktop/genix seeds 3/vendor/laravel/framework/src/Illuminate/Routing/Router.php(800): Illuminate\\Routing\\Router->runRouteWithinStack(Object(Illuminate\\Routing\\Route), Object(Illuminate\\Http\\Request))
#20 /Users/a/Desktop/genix seeds 3/vendor/laravel/framework/src/Illuminate/Routing/Router.php(764): Illuminate\\Routing\\Router->runRoute(Object(Illuminate\\Http\\Request), Object(Illuminate\\Routing\\Route))
#21 /Users/a/Desktop/genix seeds 3/vendor/laravel/framework/src/Illuminate/Routing/Router.php(753): Illuminate\\Routing\\Router->dispatchToRoute(Object(Illuminate\\Http\\Request))
#22 /Users/a/Desktop/genix seeds 3/vendor/laravel/framework/src/Illuminate/Foundation/Http/Kernel.php(200): Illuminate\\Routing\\Router->dispatch(Object(Illuminate\\Http\\Request))
#23 /Users/a/Desktop/genix seeds 3/vendor/laravel/framework/src/Illuminate/Pipeline/Pipeline.php(180): Illuminate\\Foundation\\Http\\Kernel->{closure:Illuminate\\Foundation\\Http\\Kernel::dispatchToRouter():197}(Object(Illuminate\\Http\\Request))
#24 /Users/a/Desktop/genix seeds 3/vendor/laravel/framework/src/Illuminate/Foundation/Http/Middleware/TransformsRequest.php(21): Illuminate\\Pipeline\\Pipeline->{closure:Illuminate\\Pipeline\\Pipeline::prepareDestination():178}(Object(Illuminate\\Http\\Request))
#25 /Users/a/Desktop/genix seeds 3/vendor/laravel/framework/src/Illuminate/Foundation/Http/Middleware/ConvertEmptyStringsToNull.php(31): Illuminate\\Foundation\\Http\\Middleware\\TransformsRequest->handle(Object(Illuminate\\Http\\Request), Object(Closure))
#26 /Users/a/Desktop/genix seeds 3/vendor/laravel/framework/src/Illuminate/Pipeline/Pipeline.php(219): Illuminate\\Foundation\\Http\\Middleware\\ConvertEmptyStringsToNull->handle(Object(Illuminate\\Http\\Request), Object(Closure))
#27 /Users/a/Desktop/genix seeds 3/vendor/laravel/framework/src/Illuminate/Foundation/Http/Middleware/TransformsRequest.php(21): Illuminate\\Pipeline\\Pipeline->{closure:{closure:Illuminate\\Pipeline\\Pipeline::carry():194}:195}(Object(Illuminate\\Http\\Request))
#28 /Users/a/Desktop/genix seeds 3/vendor/laravel/framework/src/Illuminate/Foundation/Http/Middleware/TrimStrings.php(51): Illuminate\\Foundation\\Http\\Middleware\\TransformsRequest->handle(Object(Illuminate\\Http\\Request), Object(Closure))
#29 /Users/a/Desktop/genix seeds 3/vendor/laravel/framework/src/Illuminate/Pipeline/Pipeline.php(219): Illuminate\\Foundation\\Http\\Middleware\\TrimStrings->handle(Object(Illuminate\\Http\\Request), Object(Closure))
#30 /Users/a/Desktop/genix seeds 3/vendor/laravel/framework/src/Illuminate/Http/Middleware/ValidatePostSize.php(27): Illuminate\\Pipeline\\Pipeline->{closure:{closure:Illuminate\\Pipeline\\Pipeline::carry():194}:195}(Object(Illuminate\\Http\\Request))
#31 /Users/a/Desktop/genix seeds 3/vendor/laravel/framework/src/Illuminate/Pipeline/Pipeline.php(219): Illuminate\\Http\\Middleware\\ValidatePostSize->handle(Object(Illuminate\\Http\\Request), Object(Closure))
#32 /Users/a/Desktop/genix seeds 3/vendor/laravel/framework/src/Illuminate/Foundation/Http/Middleware/PreventRequestsDuringMaintenance.php(110): Illuminate\\Pipeline\\Pipeline->{closure:{closure:Illuminate\\Pipeline\\Pipeline::carry():194}:195}(Object(Illuminate\\Http\\Request))
#33 /Users/a/Desktop/genix seeds 3/vendor/laravel/framework/src/Illuminate/Pipeline/Pipeline.php(219): Illuminate\\Foundation\\Http\\Middleware\\PreventRequestsDuringMaintenance->handle(Object(Illuminate\\Http\\Request), Object(Closure))
#34 /Users/a/Desktop/genix seeds 3/vendor/laravel/framework/src/Illuminate/Http/Middleware/HandleCors.php(61): Illuminate\\Pipeline\\Pipeline->{closure:{closure:Illuminate\\Pipeline\\Pipeline::carry():194}:195}(Object(Illuminate\\Http\\Request))
#35 /Users/a/Desktop/genix seeds 3/vendor/laravel/framework/src/Illuminate/Pipeline/Pipeline.php(219): Illuminate\\Http\\Middleware\\HandleCors->handle(Object(Illuminate\\Http\\Request), Object(Closure))
#36 /Users/a/Desktop/genix seeds 3/vendor/laravel/framework/src/Illuminate/Http/Middleware/TrustProxies.php(58): Illuminate\\Pipeline\\Pipeline->{closure:{closure:Illuminate\\Pipeline\\Pipeline::carry():194}:195}(Object(Illuminate\\Http\\Request))
#37 /Users/a/Desktop/genix seeds 3/vendor/laravel/framework/src/Illuminate/Pipeline/Pipeline.php(219): Illuminate\\Http\\Middleware\\TrustProxies->handle(Object(Illuminate\\Http\\Request), Object(Closure))
#38 /Users/a/Desktop/genix seeds 3/vendor/laravel/framework/src/Illuminate/Foundation/Http/Middleware/InvokeDeferredCallbacks.php(22): Illuminate\\Pipeline\\Pipeline->{closure:{closure:Illuminate\\Pipeline\\Pipeline::carry():194}:195}(Object(Illuminate\\Http\\Request))
#39 /Users/a/Desktop/genix seeds 3/vendor/laravel/framework/src/Illuminate/Pipeline/Pipeline.php(219): Illuminate\\Foundation\\Http\\Middleware\\InvokeDeferredCallbacks->handle(Object(Illuminate\\Http\\Request), Object(Closure))
#40 /Users/a/Desktop/genix seeds 3/vendor/laravel/framework/src/Illuminate/Http/Middleware/ValidatePathEncoding.php(28): Illuminate\\Pipeline\\Pipeline->{closure:{closure:Illuminate\\Pipeline\\Pipeline::carry():194}:195}(Object(Illuminate\\Http\\Request))
#41 /Users/a/Desktop/genix seeds 3/vendor/laravel/framework/src/Illuminate/Pipeline/Pipeline.php(219): Illuminate\\Http\\Middleware\\ValidatePathEncoding->handle(Object(Illuminate\\Http\\Request), Object(Closure))
#42 /Users/a/Desktop/genix seeds 3/vendor/laravel/framework/src/Illuminate/Pipeline/Pipeline.php(137): Illuminate\\Pipeline\\Pipeline->{closure:{closure:Illuminate\\Pipeline\\Pipeline::carry():194}:195}(Object(Illuminate\\Http\\Request))
#43 /Users/a/Desktop/genix seeds 3/vendor/laravel/framework/src/Illuminate/Foundation/Http/Kernel.php(175): Illuminate\\Pipeline\\Pipeline->then(Object(Closure))
#44 /Users/a/Desktop/genix seeds 3/vendor/laravel/framework/src/Illuminate/Foundation/Http/Kernel.php(144): Illuminate\\Foundation\\Http\\Kernel->sendRequestThroughRouter(Object(Illuminate\\Http\\Request))
#45 /Users/a/Desktop/genix seeds 3/vendor/laravel/framework/src/Illuminate/Foundation/Application.php(1227): Illuminate\\Foundation\\Http\\Kernel->handle(Object(Illuminate\\Http\\Request))
#46 /Users/a/Desktop/genix seeds 3/public/index.php(20): Illuminate\\Foundation\\Application->handleRequest(Object(Illuminate\\Http\\Request))
#47 /Users/a/Desktop/genix seeds 3/vendor/laravel/framework/src/Illuminate/Foundation/resources/server.php(23): require_once('/Users/a/Deskto...')
#48 {main}
"} 
[2026-09-15 08:37:35] production.ERROR: No application encryption key has been specified. {"exception":"[object] (Illuminate\\Encryption\\MissingAppKeyException(code: 0): No application encryption key has been specified. at /Users/a/Desktop/genix seeds 3/vendor/laravel/framework/src/Illuminate/Encryption/EncryptionServiceProvider.php:83)
[stacktrace]
#0 /Users/a/Desktop/genix seeds 3/vendor/laravel/framework/src/Illuminate/Support/helpers.php(393): Illuminate\\Encryption\\EncryptionServiceProvider->{closure:Illuminate\\Encryption\\EncryptionServiceProvider::key():81}(NULL)
#1 /Users/a/Desktop/genix seeds 3/vendor/laravel/framework/src/Illuminate/Encryption/EncryptionServiceProvider.php(81): tap(NULL, Object(Closure))
#2 /Users/a/Desktop/genix seeds 3/vendor/laravel/framework/src/Illuminate/Encryption/EncryptionServiceProvider.php(64): Illuminate\\Encryption\\EncryptionServiceProvider->key(Array)
#3 /Users/a/Desktop/genix seeds 3/vendor/laravel/framework/src/Illuminate/Encryption/EncryptionServiceProvider.php(32): Illuminate\\Encryption\\EncryptionServiceProvider->parseKey(Array)
#4 /Users/a/Desktop/genix seeds 3/vendor/laravel/framework/src/Illuminate/Container/Container.php(1140): Illuminate\\Encryption\\EncryptionServiceProvider->{closure:Illuminate\\Encryption\\EncryptionServiceProvider::registerEncrypter():29}(Object(Illuminate\\Foundation\\Application), Array)
#5 /Users/a/Desktop/genix seeds 3/vendor/laravel/framework/src/Illuminate/Container/Container.php(939): Illuminate\\Container\\Container->build(Object(Closure))
#6 /Users/a/Desktop/genix seeds 3/vendor/laravel/framework/src/Illuminate/Foundation/Application.php(1085): Illuminate\\Container\\Container->resolve('encrypter', Array, true)
#7 /Users/a/Desktop/genix seeds 3/vendor/laravel/framework/src/Illuminate/Container/Container.php(867): Illuminate\\Foundation\\Application->resolve('encrypter', Array)
#8 /Users/a/Desktop/genix seeds 3/vendor/laravel/framework/src/Illuminate/Foundation/Application.php(1065): Illuminate\\Container\\Container->make('encrypter', Array)
#9 /Users/a/Desktop/genix seeds 3/vendor/laravel/framework/src/Illuminate/Container/Container.php(1363): Illuminate\\Foundation\\Application->make('encrypter')
#10 /Users/a/Desktop/genix seeds 3/vendor/laravel/framework/src/Illuminate/Container/Container.php(1264): Illuminate\\Container\\Container->resolveClass(Object(ReflectionParameter), 'Illuminate\\\\Cont...')
#11 /Users/a/Desktop/genix seeds 3/vendor/laravel/framework/src/Illuminate/Container/Container.php(1187): Illuminate\\Container\\Container->resolveDependencies(Array)
#12 /Users/a/Desktop/genix seeds 3/vendor/laravel/framework/src/Illuminate/Container/Container.php(939): Illuminate\\Container\\Container->build('Illuminate\\\\Cook...')
#13 /Users/a/Desktop/genix seeds 3/vendor/laravel/framework/src/Illuminate/Foundation/Application.php(1085): Illuminate\\Container\\Container->resolve('Illuminate\\\\Cook...', Array, true)
#14 /Users/a/Desktop/genix seeds 3/vendor/laravel/framework/src/Illuminate/Container/Container.php(867): Illuminate\\Foundation\\Application->resolve('Illuminate\\\\Cook...', Array)
#15 /Users/a/Desktop/genix seeds 3/vendor/laravel/framework/src/Illuminate/Foundation/Application.php(1065): Illuminate\\Container\\Container->make('Illuminate\\\\Cook...', Array)
#16 /Users/a/Desktop/genix seeds 3/vendor/laravel/framework/src/Illuminate/Foundation/Http/Kernel.php(257): Illuminate\\Foundation\\Application->make('Illuminate\\\\Cook...')
#17 /Users/a/Desktop/genix seeds 3/vendor/laravel/framework/src/Illuminate/Foundation/Http/Kernel.php(215): Illuminate\\Foundation\\Http\\Kernel->terminateMiddleware(Object(Illuminate\\Http\\Request), Object(Illuminate\\Http\\Response))
#18 /Users/a/Desktop/genix seeds 3/vendor/laravel/framework/src/Illuminate/Foundation/Application.php(1229): Illuminate\\Foundation\\Http\\Kernel->terminate(Object(Illuminate\\Http\\Request), Object(Illuminate\\Http\\Response))
#19 /Users/a/Desktop/genix seeds 3/public/index.php(20): Illuminate\\Foundation\\Application->handleRequest(Object(Illuminate\\Http\\Request))
#20 /Users/a/Desktop/genix seeds 3/vendor/laravel/framework/src/Illuminate/Foundation/resources/server.php(23): require_once('/Users/a/Deskto...')
#21 {main}
"} 
[2026-09-15 08:37:35] production.ERROR: Uncaught ErrorException: Cannot modify header information - headers already sent by (output started at /Users/a/Desktop/genix seeds 3/vendor/symfony/http-foundation/Response.php:1284) in /Users/a/Desktop/genix seeds 3/vendor/symfony/http-foundation/Response.php:328
Stack trace:
#0 /Users/a/Desktop/genix seeds 3/vendor/laravel/framework/src/Illuminate/Foundation/Bootstrap/HandleExceptions.php(265): Illuminate\Foundation\Bootstrap\HandleExceptions->handleError(2, 'Cannot modify h...', '/Users/a/Deskto...', 328)
#1 [internal function]: Illuminate\Foundation\Bootstrap\HandleExceptions->{closure:Illuminate\Foundation\Bootstrap\HandleExceptions::forwardsTo():264}(2, 'Cannot modify h...', '/Users/a/Deskto...', 328)
#2 /Users/a/Desktop/genix seeds 3/vendor/symfony/http-foundation/Response.php(328): header('HTTP/1.1 500 In...', true, 500)
#3 /Users/a/Desktop/genix seeds 3/vendor/symfony/http-foundation/Response.php(407): Symfony\Component\HttpFoundation\Response->sendHeaders()
#4 /Users/a/Desktop/genix seeds 3/vendor/laravel/framework/src/Illuminate/Foundation/Bootstrap/HandleExceptions.php(228): Symfony\Component\HttpFoundation\Response->send()
#5 /Users/a/Desktop/genix seeds 3/vendor/laravel/framework/src/Illuminate/Foundation/Bootstrap/HandleExceptions.php(205): Illuminate\Foundation\Bootstrap\HandleExceptions->renderHttpResponse(Object(Illuminate\Encryption\MissingAppKeyException))
#6 /Users/a/Desktop/genix seeds 3/vendor/laravel/framework/src/Illuminate/Foundation/Bootstrap/HandleExceptions.php(265): Illuminate\Foundation\Bootstrap\HandleExceptions->handleException(Object(Illuminate\Encryption\MissingAppKeyException))
#7 [internal function]: Illuminate\Foundation\Bootstrap\HandleExceptions->{closure:Illuminate\Foundation\Bootstrap\HandleExceptions::forwardsTo():264}(Object(Illuminate\Encryption\MissingAppKeyException))
#8 {main}
  thrown {"exception":"[object] (Symfony\\Component\\ErrorHandler\\Error\\FatalError(code: 0): Uncaught ErrorException: Cannot modify header information - headers already sent by (output started at /Users/a/Desktop/genix seeds 3/vendor/symfony/http-foundation/Response.php:1284) in /Users/a/Desktop/genix seeds 3/vendor/symfony/http-foundation/Response.php:328
Stack trace:
#0 /Users/a/Desktop/genix seeds 3/vendor/laravel/framework/src/Illuminate/Foundation/Bootstrap/HandleExceptions.php(265): Illuminate\\Foundation\\Bootstrap\\HandleExceptions->handleError(2, 'Cannot modify h...', '/Users/a/Deskto...', 328)
#1 [internal function]: Illuminate\\Foundation\\Bootstrap\\HandleExceptions->{closure:Illuminate\\Foundation\\Bootstrap\\HandleExceptions::forwardsTo():264}(2, 'Cannot modify h...', '/Users/a/Deskto...', 328)
#2 /Users/a/Desktop/genix seeds 3/vendor/symfony/http-foundation/Response.php(328): header('HTTP/1.1 500 In...', true, 500)
#3 /Users/a/Desktop/genix seeds 3/vendor/symfony/http-foundation/Response.php(407): Symfony\\Component\\HttpFoundation\\Response->sendHeaders()
#4 /Users/a/Desktop/genix seeds 3/vendor/laravel/framework/src/Illuminate/Foundation/Bootstrap/HandleExceptions.php(228): Symfony\\Component\\HttpFoundation\\Response->send()
#5 /Users/a/Desktop/genix seeds 3/vendor/laravel/framework/src/Illuminate/Foundation/Bootstrap/HandleExceptions.php(205): Illuminate\\Foundation\\Bootstrap\\HandleExceptions->renderHttpResponse(Object(Illuminate\\Encryption\\MissingAppKeyException))
#6 /Users/a/Desktop/genix seeds 3/vendor/laravel/framework/src/Illuminate/Foundation/Bootstrap/HandleExceptions.php(265): Illuminate\\Foundation\\Bootstrap\\HandleExceptions->handleException(Object(Illuminate\\Encryption\\MissingAppKeyException))
#7 [internal function]: Illuminate\\Foundation\\Bootstrap\\HandleExceptions->{closure:Illuminate\\Foundation\\Bootstrap\\HandleExceptions::forwardsTo():264}(Object(Illuminate\\Encryption\\MissingAppKeyException))
#8 {main}
  thrown at /Users/a/Desktop/genix seeds 3/vendor/symfony/http-foundation/Response.php:328)
[stacktrace]
#0 {main}
"} 
[2026-09-15 08:37:35] production.ERROR: No application encryption key has been specified. {"exception":"[object] (Illuminate\\Encryption\\MissingAppKeyException(code: 0): No application encryption key has been specified. at /Users/a/Desktop/genix seeds 3/vendor/laravel/framework/src/Illuminate/Encryption/EncryptionServiceProvider.php:83)
[stacktrace]
#0 /Users/a/Desktop/genix seeds 3/vendor/laravel/framework/src/Illuminate/Support/helpers.php(393): Illuminate\\Encryption\\EncryptionServiceProvider->{closure:Illuminate\\Encryption\\EncryptionServiceProvider::key():81}(NULL)
#1 /Users/a/Desktop/genix seeds 3/vendor/laravel/framework/src/Illuminate/Encryption/EncryptionServiceProvider.php(81): tap(NULL, Object(Closure))
#2 /Users/a/Desktop/genix seeds 3/vendor/laravel/framework/src/Illuminate/Encryption/EncryptionServiceProvider.php(64): Illuminate\\Encryption\\EncryptionServiceProvider->key(Array)
#3 /Users/a/Desktop/genix seeds 3/vendor/laravel/framework/src/Illuminate/Encryption/EncryptionServiceProvider.php(32): Illuminate\\Encryption\\EncryptionServiceProvider->parseKey(Array)
#4 /Users/a/Desktop/genix seeds 3/vendor/laravel/framework/src/Illuminate/Container/Container.php(1140): Illuminate\\Encryption\\EncryptionServiceProvider->{closure:Illuminate\\Encryption\\EncryptionServiceProvider::registerEncrypter():29}(Object(Illuminate\\Foundation\\Application), Array)
#5 /Users/a/Desktop/genix seeds 3/vendor/laravel/framework/src/Illuminate/Container/Container.php(939): Illuminate\\Container\\Container->build(Object(Closure))
#6 /Users/a/Desktop/genix seeds 3/vendor/laravel/framework/src/Illuminate/Foundation/Application.php(1085): Illuminate\\Container\\Container->resolve('encrypter', Array, true)
#7 /Users/a/Desktop/genix seeds 3/vendor/laravel/framework/src/Illuminate/Container/Container.php(867): Illuminate\\Foundation\\Application->resolve('encrypter', Array)
#8 /Users/a/Desktop/genix seeds 3/vendor/laravel/framework/src/Illuminate/Foundation/Application.php(1065): Illuminate\\Container\\Container->make('encrypter', Array)
#9 /Users/a/Desktop/genix seeds 3/vendor/laravel/framework/src/Illuminate/Container/Container.php(1363): Illuminate\\Foundation\\Application->make('encrypter')
#10 /Users/a/Desktop/genix seeds 3/vendor/laravel/framework/src/Illuminate/Container/Container.php(1264): Illuminate\\Container\\Container->resolveClass(Object(ReflectionParameter), 'Illuminate\\\\Cont...')
#11 /Users/a/Desktop/genix seeds 3/vendor/laravel/framework/src/Illuminate/Container/Container.php(1187): Illuminate\\Container\\Container->resolveDependencies(Array)
#12 /Users/a/Desktop/genix seeds 3/vendor/laravel/framework/src/Illuminate/Container/Container.php(939): Illuminate\\Container\\Container->build('Illuminate\\\\Cook...')
#13 /Users/a/Desktop/genix seeds 3/vendor/laravel/framework/src/Illuminate/Foundation/Application.php(1085): Illuminate\\Container\\Container->resolve('Illuminate\\\\Cook...', Array, true)
#14 /Users/a/Desktop/genix seeds 3/vendor/laravel/framework/src/Illuminate/Container/Container.php(867): Illuminate\\Foundation\\Application->resolve('Illuminate\\\\Cook...', Array)
#15 /Users/a/Desktop/genix seeds 3/vendor/laravel/framework/src/Illuminate/Foundation/Application.php(1065): Illuminate\\Container\\Container->make('Illuminate\\\\Cook...', Array)
#16 /Users/a/Desktop/genix seeds 3/vendor/laravel/framework/src/Illuminate/Pipeline/Pipeline.php(208): Illuminate\\Foundation\\Application->make('Illuminate\\\\Cook...')
#17 /Users/a/Desktop/genix seeds 3/vendor/laravel/framework/src/Illuminate/Pipeline/Pipeline.php(137): Illuminate\\Pipeline\\Pipeline->{closure:{closure:Illuminate\\Pipeline\\Pipeline::carry():194}:195}(Object(Illuminate\\Http\\Request))
#18 /Users/a/Desktop/genix seeds 3/vendor/laravel/framework/src/Illuminate/Routing/Router.php(821): Illuminate\\Pipeline\\Pipeline->then(Object(Closure))
#19 /Users/a/Desktop/genix seeds 3/vendor/laravel/framework/src/Illuminate/Routing/Router.php(800): Illuminate\\Routing\\Router->runRouteWithinStack(Object(Illuminate\\Routing\\Route), Object(Illuminate\\Http\\Request))
#20 /Users/a/Desktop/genix seeds 3/vendor/laravel/framework/src/Illuminate/Routing/Router.php(764): Illuminate\\Routing\\Router->runRoute(Object(Illuminate\\Http\\Request), Object(Illuminate\\Routing\\Route))
#21 /Users/a/Desktop/genix seeds 3/vendor/laravel/framework/src/Illuminate/Routing/Router.php(753): Illuminate\\Routing\\Router->dispatchToRoute(Object(Illuminate\\Http\\Request))
#22 /Users/a/Desktop/genix seeds 3/vendor/laravel/framework/src/Illuminate/Foundation/Http/Kernel.php(200): Illuminate\\Routing\\Router->dispatch(Object(Illuminate\\Http\\Request))
#23 /Users/a/Desktop/genix seeds 3/vendor/laravel/framework/src/Illuminate/Pipeline/Pipeline.php(180): Illuminate\\Foundation\\Http\\Kernel->{closure:Illuminate\\Foundation\\Http\\Kernel::dispatchToRouter():197}(Object(Illuminate\\Http\\Request))
#24 /Users/a/Desktop/genix seeds 3/vendor/laravel/framework/src/Illuminate/Foundation/Http/Middleware/TransformsRequest.php(21): Illuminate\\Pipeline\\Pipeline->{closure:Illuminate\\Pipeline\\Pipeline::prepareDestination():178}(Object(Illuminate\\Http\\Request))
#25 /Users/a/Desktop/genix seeds 3/vendor/laravel/framework/src/Illuminate/Foundation/Http/Middleware/ConvertEmptyStringsToNull.php(31): Illuminate\\Foundation\\Http\\Middleware\\TransformsRequest->handle(Object(Illuminate\\Http\\Request), Object(Closure))
#26 /Users/a/Desktop/genix seeds 3/vendor/laravel/framework/src/Illuminate/Pipeline/Pipeline.php(219): Illuminate\\Foundation\\Http\\Middleware\\ConvertEmptyStringsToNull->handle(Object(Illuminate\\Http\\Request), Object(Closure))
#27 /Users/a/Desktop/genix seeds 3/vendor/laravel/framework/src/Illuminate/Foundation/Http/Middleware/TransformsRequest.php(21): Illuminate\\Pipeline\\Pipeline->{closure:{closure:Illuminate\\Pipeline\\Pipeline::carry():194}:195}(Object(Illuminate\\Http\\Request))
#28 /Users/a/Desktop/genix seeds 3/vendor/laravel/framework/src/Illuminate/Foundation/Http/Middleware/TrimStrings.php(51): Illuminate\\Foundation\\Http\\Middleware\\TransformsRequest->handle(Object(Illuminate\\Http\\Request), Object(Closure))
#29 /Users/a/Desktop/genix seeds 3/vendor/laravel/framework/src/Illuminate/Pipeline/Pipeline.php(219): Illuminate\\Foundation\\Http\\Middleware\\TrimStrings->handle(Object(Illuminate\\Http\\Request), Object(Closure))
#30 /Users/a/Desktop/genix seeds 3/vendor/laravel/framework/src/Illuminate/Http/Middleware/ValidatePostSize.php(27): Illuminate\\Pipeline\\Pipeline->{closure:{closure:Illuminate\\Pipeline\\Pipeline::carry():194}:195}(Object(Illuminate\\Http\\Request))
#31 /Users/a/Desktop/genix seeds 3/vendor/laravel/framework/src/Illuminate/Pipeline/Pipeline.php(219): Illuminate\\Http\\Middleware\\ValidatePostSize->handle(Object(Illuminate\\Http\\Request), Object(Closure))
#32 /Users/a/Desktop/genix seeds 3/vendor/laravel/framework/src/Illuminate/Foundation/Http/Middleware/PreventRequestsDuringMaintenance.php(110): Illuminate\\Pipeline\\Pipeline->{closure:{closure:Illuminate\\Pipeline\\Pipeline::carry():194}:195}(Object(Illuminate\\Http\\Request))
#33 /Users/a/Desktop/genix seeds 3/vendor/laravel/framework/src/Illuminate/Pipeline/Pipeline.php(219): Illuminate\\Foundation\\Http\\Middleware\\PreventRequestsDuringMaintenance->handle(Object(Illuminate\\Http\\Request), Object(Closure))
#34 /Users/a/Desktop/genix seeds 3/vendor/laravel/framework/src/Illuminate/Http/Middleware/HandleCors.php(61): Illuminate\\Pipeline\\Pipeline->{closure:{closure:Illuminate\\Pipeline\\Pipeline::carry():194}:195}(Object(Illuminate\\Http\\Request))
#35 /Users/a/Desktop/genix seeds 3/vendor/laravel/framework/src/Illuminate/Pipeline/Pipeline.php(219): Illuminate\\Http\\Middleware\\HandleCors->handle(Object(Illuminate\\Http\\Request), Object(Closure))
#36 /Users/a/Desktop/genix seeds 3/vendor/laravel/framework/src/Illuminate/Http/Middleware/TrustProxies.php(58): Illuminate\\Pipeline\\Pipeline->{closure:{closure:Illuminate\\Pipeline\\Pipeline::carry():194}:195}(Object(Illuminate\\Http\\Request))
#37 /Users/a/Desktop/genix seeds 3/vendor/laravel/framework/src/Illuminate/Pipeline/Pipeline.php(219): Illuminate\\Http\\Middleware\\TrustProxies->handle(Object(Illuminate\\Http\\Request), Object(Closure))
#38 /Users/a/Desktop/genix seeds 3/vendor/laravel/framework/src/Illuminate/Foundation/Http/Middleware/InvokeDeferredCallbacks.php(22): Illuminate\\Pipeline\\Pipeline->{closure:{closure:Illuminate\\Pipeline\\Pipeline::carry():194}:195}(Object(Illuminate\\Http\\Request))
#39 /Users/a/Desktop/genix seeds 3/vendor/laravel/framework/src/Illuminate/Pipeline/Pipeline.php(219): Illuminate\\Foundation\\Http\\Middleware\\InvokeDeferredCallbacks->handle(Object(Illuminate\\Http\\Request), Object(Closure))
#40 /Users/a/Desktop/genix seeds 3/vendor/laravel/framework/src/Illuminate/Http/Middleware/ValidatePathEncoding.php(28): Illuminate\\Pipeline\\Pipeline->{closure:{closure:Illuminate\\Pipeline\\Pipeline::carry():194}:195}(Object(Illuminate\\Http\\Request))
#41 /Users/a/Desktop/genix seeds 3/vendor/laravel/framework/src/Illuminate/Pipeline/Pipeline.php(219): Illuminate\\Http\\Middleware\\ValidatePathEncoding->handle(Object(Illuminate\\Http\\Request), Object(Closure))
#42 /Users/a/Desktop/genix seeds 3/vendor/laravel/framework/src/Illuminate/Pipeline/Pipeline.php(137): Illuminate\\Pipeline\\Pipeline->{closure:{closure:Illuminate\\Pipeline\\Pipeline::carry():194}:195}(Object(Illuminate\\Http\\Request))
#43 /Users/a/Desktop/genix seeds 3/vendor/laravel/framework/src/Illuminate/Foundation/Http/Kernel.php(175): Illuminate\\Pipeline\\Pipeline->then(Object(Closure))
#44 /Users/a/Desktop/genix seeds 3/vendor/laravel/framework/src/Illuminate/Foundation/Http/Kernel.php(144): Illuminate\\Foundation\\Http\\Kernel->sendRequestThroughRouter(Object(Illuminate\\Http\\Request))
#45 /Users/a/Desktop/genix seeds 3/vendor/laravel/framework/src/Illuminate/Foundation/Application.php(1227): Illuminate\\Foundation\\Http\\Kernel->handle(Object(Illuminate\\Http\\Request))
#46 /Users/a/Desktop/genix seeds 3/public/index.php(20): Illuminate\\Foundation\\Application->handleRequest(Object(Illuminate\\Http\\Request))
#47 /Users/a/Desktop/genix seeds 3/vendor/laravel/framework/src/Illuminate/Foundation/resources/server.php(23): require_once('/Users/a/Deskto...')
#48 {main}
"} 
[2026-09-15 08:37:35] production.ERROR: No application encryption key has been specified. {"exception":"[object] (Illuminate\\Encryption\\MissingAppKeyException(code: 0): No application encryption key has been specified. at /Users/a/Desktop/genix seeds 3/vendor/laravel/framework/src/Illuminate/Encryption/EncryptionServiceProvider.php:83)
[stacktrace]
#0 /Users/a/Desktop/genix seeds 3/vendor/laravel/framework/src/Illuminate/Support/helpers.php(393): Illuminate\\Encryption\\EncryptionServiceProvider->{closure:Illuminate\\Encryption\\EncryptionServiceProvider::key():81}(NULL)
#1 /Users/a/Desktop/genix seeds 3/vendor/laravel/framework/src/Illuminate/Encryption/EncryptionServiceProvider.php(81): tap(NULL, Object(Closure))
#2 /Users/a/Desktop/genix seeds 3/vendor/laravel/framework/src/Illuminate/Encryption/EncryptionServiceProvider.php(64): Illuminate\\Encryption\\EncryptionServiceProvider->key(Array)
#3 /Users/a/Desktop/genix seeds 3/vendor/laravel/framework/src/Illuminate/Encryption/EncryptionServiceProvider.php(32): Illuminate\\Encryption\\EncryptionServiceProvider->parseKey(Array)
#4 /Users/a/Desktop/genix seeds 3/vendor/laravel/framework/src/Illuminate/Container/Container.php(1140): Illuminate\\Encryption\\EncryptionServiceProvider->{closure:Illuminate\\Encryption\\EncryptionServiceProvider::registerEncrypter():29}(Object(Illuminate\\Foundation\\Application), Array)
#5 /Users/a/Desktop/genix seeds 3/vendor/laravel/framework/src/Illuminate/Container/Container.php(939): Illuminate\\Container\\Container->build(Object(Closure))
#6 /Users/a/Desktop/genix seeds 3/vendor/laravel/framework/src/Illuminate/Foundation/Application.php(1085): Illuminate\\Container\\Container->resolve('encrypter', Array, true)
#7 /Users/a/Desktop/genix seeds 3/vendor/laravel/framework/src/Illuminate/Container/Container.php(867): Illuminate\\Foundation\\Application->resolve('encrypter', Array)
#8 /Users/a/Desktop/genix seeds 3/vendor/laravel/framework/src/Illuminate/Foundation/Application.php(1065): Illuminate\\Container\\Container->make('encrypter', Array)
#9 /Users/a/Desktop/genix seeds 3/vendor/laravel/framework/src/Illuminate/Container/Container.php(1363): Illuminate\\Foundation\\Application->make('encrypter')
#10 /Users/a/Desktop/genix seeds 3/vendor/laravel/framework/src/Illuminate/Container/Container.php(1264): Illuminate\\Container\\Container->resolveClass(Object(ReflectionParameter), 'Illuminate\\\\Cont...')
#11 /Users/a/Desktop/genix seeds 3/vendor/laravel/framework/src/Illuminate/Container/Container.php(1187): Illuminate\\Container\\Container->resolveDependencies(Array)
#12 /Users/a/Desktop/genix seeds 3/vendor/laravel/framework/src/Illuminate/Container/Container.php(939): Illuminate\\Container\\Container->build('Illuminate\\\\Cook...')
#13 /Users/a/Desktop/genix seeds 3/vendor/laravel/framework/src/Illuminate/Foundation/Application.php(1085): Illuminate\\Container\\Container->resolve('Illuminate\\\\Cook...', Array, true)
#14 /Users/a/Desktop/genix seeds 3/vendor/laravel/framework/src/Illuminate/Container/Container.php(867): Illuminate\\Foundation\\Application->resolve('Illuminate\\\\Cook...', Array)
#15 /Users/a/Desktop/genix seeds 3/vendor/laravel/framework/src/Illuminate/Foundation/Application.php(1065): Illuminate\\Container\\Container->make('Illuminate\\\\Cook...', Array)
#16 /Users/a/Desktop/genix seeds 3/vendor/laravel/framework/src/Illuminate/Foundation/Http/Kernel.php(257): Illuminate\\Foundation\\Application->make('Illuminate\\\\Cook...')
#17 /Users/a/Desktop/genix seeds 3/vendor/laravel/framework/src/Illuminate/Foundation/Http/Kernel.php(215): Illuminate\\Foundation\\Http\\Kernel->terminateMiddleware(Object(Illuminate\\Http\\Request), Object(Illuminate\\Http\\Response))
#18 /Users/a/Desktop/genix seeds 3/vendor/laravel/framework/src/Illuminate/Foundation/Application.php(1229): Illuminate\\Foundation\\Http\\Kernel->terminate(Object(Illuminate\\Http\\Request), Object(Illuminate\\Http\\Response))
#19 /Users/a/Desktop/genix seeds 3/public/index.php(20): Illuminate\\Foundation\\Application->handleRequest(Object(Illuminate\\Http\\Request))
#20 /Users/a/Desktop/genix seeds 3/vendor/laravel/framework/src/Illuminate/Foundation/resources/server.php(23): require_once('/Users/a/Deskto...')
#21 {main}
"} 
[2026-09-15 08:37:35] production.ERROR: Uncaught ErrorException: Cannot modify header information - headers already sent by (output started at /Users/a/Desktop/genix seeds 3/vendor/symfony/http-foundation/Response.php:1284) in /Users/a/Desktop/genix seeds 3/vendor/symfony/http-foundation/Response.php:328
Stack trace:
#0 /Users/a/Desktop/genix seeds 3/vendor/laravel/framework/src/Illuminate/Foundation/Bootstrap/HandleExceptions.php(265): Illuminate\Foundation\Bootstrap\HandleExceptions->handleError(2, 'Cannot modify h...', '/Users/a/Deskto...', 328)
#1 [internal function]: Illuminate\Foundation\Bootstrap\HandleExceptions->{closure:Illuminate\Foundation\Bootstrap\HandleExceptions::forwardsTo():264}(2, 'Cannot modify h...', '/Users/a/Deskto...', 328)
#2 /Users/a/Desktop/genix seeds 3/vendor/symfony/http-foundation/Response.php(328): header('HTTP/1.1 500 In...', true, 500)
#3 /Users/a/Desktop/genix seeds 3/vendor/symfony/http-foundation/Response.php(407): Symfony\Component\HttpFoundation\Response->sendHeaders()
#4 /Users/a/Desktop/genix seeds 3/vendor/laravel/framework/src/Illuminate/Foundation/Bootstrap/HandleExceptions.php(228): Symfony\Component\HttpFoundation\Response->send()
#5 /Users/a/Desktop/genix seeds 3/vendor/laravel/framework/src/Illuminate/Foundation/Bootstrap/HandleExceptions.php(205): Illuminate\Foundation\Bootstrap\HandleExceptions->renderHttpResponse(Object(Illuminate\Encryption\MissingAppKeyException))
#6 /Users/a/Desktop/genix seeds 3/vendor/laravel/framework/src/Illuminate/Foundation/Bootstrap/HandleExceptions.php(265): Illuminate\Foundation\Bootstrap\HandleExceptions->handleException(Object(Illuminate\Encryption\MissingAppKeyException))
#7 [internal function]: Illuminate\Foundation\Bootstrap\HandleExceptions->{closure:Illuminate\Foundation\Bootstrap\HandleExceptions::forwardsTo():264}(Object(Illuminate\Encryption\MissingAppKeyException))
#8 {main}
  thrown {"exception":"[object] (Symfony\\Component\\ErrorHandler\\Error\\FatalError(code: 0): Uncaught ErrorException: Cannot modify header information - headers already sent by (output started at /Users/a/Desktop/genix seeds 3/vendor/symfony/http-foundation/Response.php:1284) in /Users/a/Desktop/genix seeds 3/vendor/symfony/http-foundation/Response.php:328
Stack trace:
#0 /Users/a/Desktop/genix seeds 3/vendor/laravel/framework/src/Illuminate/Foundation/Bootstrap/HandleExceptions.php(265): Illuminate\\Foundation\\Bootstrap\\HandleExceptions->handleError(2, 'Cannot modify h...', '/Users/a/Deskto...', 328)
#1 [internal function]: Illuminate\\Foundation\\Bootstrap\\HandleExceptions->{closure:Illuminate\\Foundation\\Bootstrap\\HandleExceptions::forwardsTo():264}(2, 'Cannot modify h...', '/Users/a/Deskto...', 328)
#2 /Users/a/Desktop/genix seeds 3/vendor/symfony/http-foundation/Response.php(328): header('HTTP/1.1 500 In...', true, 500)
#3 /Users/a/Desktop/genix seeds 3/vendor/symfony/http-foundation/Response.php(407): Symfony\\Component\\HttpFoundation\\Response->sendHeaders()
#4 /Users/a/Desktop/genix seeds 3/vendor/laravel/framework/src/Illuminate/Foundation/Bootstrap/HandleExceptions.php(228): Symfony\\Component\\HttpFoundation\\Response->send()
#5 /Users/a/Desktop/genix seeds 3/vendor/laravel/framework/src/Illuminate/Foundation/Bootstrap/HandleExceptions.php(205): Illuminate\\Foundation\\Bootstrap\\HandleExceptions->renderHttpResponse(Object(Illuminate\\Encryption\\MissingAppKeyException))
#6 /Users/a/Desktop/genix seeds 3/vendor/laravel/framework/src/Illuminate/Foundation/Bootstrap/HandleExceptions.php(265): Illuminate\\Foundation\\Bootstrap\\HandleExceptions->handleException(Object(Illuminate\\Encryption\\MissingAppKeyException))
#7 [internal function]: Illuminate\\Foundation\\Bootstrap\\HandleExceptions->{closure:Illuminate\\Foundation\\Bootstrap\\HandleExceptions::forwardsTo():264}(Object(Illuminate\\Encryption\\MissingAppKeyException))
#8 {main}
  thrown at /Users/a/Desktop/genix seeds 3/vendor/symfony/http-foundation/Response.php:328)
[stacktrace]
#0 {main}
"} 
